序号,发震时间,经度,纬度,深度,震级,位置,类型
,2025-11-25 17:01:21,131.2,33.15,20.0,5.3,日本九州岛,天然地震
,2025-11-25 06:15:20,81.07,41.73,10.0,3.1,新疆阿克苏地区拜城县,天然地震
,2025-11-25 01:26:34,81.18,41.64,10.0,3.0,新疆阿克苏地区拜城县,天然地震
,2025-11-24 10:44:06,78.82,41.24,22.0,3.8,新疆阿克苏地区乌什县,天然地震
,2025-11-24 06:27:54,97.56,34.78,10.0,3.7,青海果洛州玛多县,天然地震
,2025-11-24 02:13:05,80.72,35.85,10.0,3.0,新疆和田地区策勒县,天然地震
,2025-11-23 21:51:41,77.72,39.9,10.0,3.0,新疆喀什地区伽师县,天然地震
,2025-11-23 10:32:10,83.71,41.14,14.0,3.2,新疆阿克苏地区库车市,天然地震
,2025-11-23 05:49:21,83.73,41.28,13.0,3.0,新疆阿克苏地区库车市,天然地震
,2025-11-21 12:38:27,90.65,23.75,10.0,5.1,孟加拉国,天然地震
,2025-11-21 08:58:35,83.39,41.14,19.0,3.1,新疆阿克苏地区库车市,天然地震
,2025-11-21 03:43:56,120.59,23.66,10.0,3.8,台湾云林县,天然地震
,2025-11-20 14:59:44,128.4,-3.65,140.0,5.8,印尼塞兰岛附近海域,天然地震
,2025-11-20 02:45:38,89.39,43.58,20.0,4.0,新疆昌吉州奇台县,天然地震
,2025-11-20 00:36:56,86.44,43.73,25.0,3.0,新疆昌吉州呼图壁县,天然地震
,2025-11-19 20:38:57,121.79,24.15,10.0,3.6,台湾花莲县海域,天然地震
,2025-11-19 20:25:13,121.88,24.09,12.0,3.7,台湾花莲县海域,天然地震
,2025-11-19 07:20:57,83.26,40.93,24.0,3.3,新疆阿克苏地区沙雅县,天然地震
,2025-11-18 12:15:44,84.87,32.85,28.0,3.7,西藏阿里地区改则县,天然地震
,2025-11-18 03:46:14,83.25,41.33,21.0,3.3,新疆阿克苏地区库车市,天然地震
,2025-11-18 01:22:07,77.69,40.36,22.0,3.0,新疆克孜勒苏州阿图什市,天然地震
,2025-11-17 03:56:06,76.93,35.86,10.0,4.0,新疆喀什地区塔什库尔干县,天然地震
,2025-11-16 10:42:37,82.84,39.8,16.0,3.7,新疆阿克苏地区沙雅县,天然地震
,2025-11-14 17:56:46,77.02,36.39,10.0,3.3,新疆喀什地区叶城县,天然地震
,2025-11-14 17:24:26,113.27,44.07,10.0,3.2,内蒙古锡林郭勒盟苏尼...,天然地震
,2025-11-12 22:23:30,32.45,34.65,10.0,5.4,地中海东部,天然地震
,2025-11-12 15:34:54,75.73,36.83,10.0,3.1,新疆喀什地区塔什库尔干县,天然地震
,2025-11-12 14:03:29,7.05,73.35,10.0,5.5,挪威海,天然地震
,2025-11-12 12:49:31,79.5,36.42,10.0,3.3,新疆和田地区和田县,天然地震
,2025-11-12 07:13:03,80.5,42.22,10.0,3.0,新疆阿克苏地区温宿县,天然地震
,2025-11-12 07:04:08,77.71,36.24,10.0,3.8,新疆喀什地区叶城县,天然地震
,2025-11-11 03:38:57,80.64,35.6,10.0,3.0,新疆和田地区策勒县,天然地震
,2025-11-10 22:54:37,83.52,39.84,13.0,3.0,新疆阿克苏地区沙雅县,天然地震
,2025-11-10 22:05:56,83.39,39.81,19.0,3.2,新疆阿克苏地区沙雅县,天然地震
,2025-11-10 15:23:16,143.5,39.65,10.0,6.3,日本本州东部远海,天然地震
,2025-11-10 13:00:49,120.62,23.22,12.0,4.6,台湾台南市,天然地震
,2025-11-10 01:44:53,85.09,34.44,10.0,3.4,西藏阿里地区改则县,天然地震
,2025-11-09 22:33:59,75.57,38.05,93.0,3.2,新疆克孜勒苏州阿克陶县,天然地震
,2025-11-09 19:40:23,83.38,40.58,23.0,3.4,新疆阿克苏地区沙雅县,天然地震
,2025-11-09 19:33:25,83.36,40.6,19.0,3.0,新疆阿克苏地区沙雅县,天然地震
,2025-11-09 16:54:35,143.75,39.35,10.0,6.4,日本本州东部远海,天然地震
,2025-11-09 16:03:35,143.75,39.45,10.0,6.8,日本本州东部远海,天然地震
,2025-11-09 06:15:07,143.45,39.5,10.0,5.5,日本本州东部远海,天然地震
,2025-11-09 05:04:19,143.55,39.3,10.0,5.1,日本本州东部远海,天然地震
,2025-11-09 04:29:13,143.65,39.35,10.0,5.0,日本本州东部远海,天然地震
,2025-11-08 21:47:20,104.91,28.08,8.0,3.4,四川宜宾市珙县,天然地震
,2025-11-08 15:56:16,83.73,41.21,15.0,3.0,新疆阿克苏地区库车市,天然地震
,2025-11-08 13:33:55,83.44,40.6,20.0,3.4,新疆阿克苏地区沙雅县,天然地震
,2025-11-07 08:25:28,117.6,31.97,10.0,3.3,安徽合肥市肥东县,天然地震
,2025-11-06 18:08:35,78.7,41.29,12.0,3.3,新疆阿克苏地区乌什县,天然地震
,2025-11-06 09:02:21,75.6,38.28,96.0,4.2,新疆克孜勒苏州阿克陶县,天然地震
,2025-11-05 20:46:12,83.89,41.17,10.0,3.2,新疆阿克苏地区库车市,天然地震
,2025-11-05 14:40:37,100.48,23.77,10.0,3.2,云南普洱市景谷县,天然地震
,2025-11-05 07:32:23,123.15,-0.1,110.0,5.9,印尼托米尼湾,天然地震
,2025-11-05 07:28:58,160.0,52.0,20.0,5.9,堪察加东岸远海,天然地震
,2025-11-04 12:45:31,160.05,52.3,20.0,5.7,堪察加东岸远海,天然地震
,2025-11-04 11:45:08,160.2,52.1,30.0,6.0,堪察加东岸远海,天然地震
,2025-11-04 04:57:21,87.4,28.43,10.0,4.4,西藏日喀则市定日县,天然地震
,2025-11-04 02:33:53,83.58,40.47,24.0,3.0,新疆阿克苏地区沙雅县,天然地震
,2025-11-03 16:44:42,160.25,52.3,20.0,6.3,堪察加东岸远海,天然地震
,2025-11-03 15:10:25,160.2,52.35,20.0,6.1,堪察加东岸远海,天然地震
,2025-11-03 04:29:00,67.45,36.55,20.0,6.4,阿富汗,天然地震
,2025-11-03 03:06:54,122.85,9.75,120.0,5.5,菲律宾,天然地震
,2025-11-01 20:12:21,75.71,36.86,10.0,3.4,新疆喀什地区塔什库尔干县,天然地震
,2025-11-01 04:53:25,97.0,-45.15,30.0,6.0,东南印度洋海岭,天然地震
,2025-10-31 07:46:21,87.75,28.04,10.0,3.1,西藏日喀则市定结县,天然地震
,2025-10-30 23:40:00,83.48,41.13,13.0,4.0,新疆阿克苏地区沙雅县,天然地震
,2025-10-30 22:24:29,76.89,35.99,15.0,3.2,新疆喀什地区塔什库尔干县,天然地震
,2025-10-30 20:34:56,84.75,43.43,8.0,3.4,新疆巴音郭楞州和静县,天然地震
,2025-10-30 18:41:36,83.42,41.02,18.0,3.6,新疆阿克苏地区沙雅县,天然地震
,2025-10-30 08:41:48,84.72,43.43,12.0,3.0,新疆巴音郭楞州和静县,天然地震
,2025-10-29 13:17:22,80.6,42.24,10.0,3.6,新疆阿克苏地区温宿县,天然地震
,2025-10-29 06:49:31,99.88,30.82,11.0,3.0,四川甘孜州新龙县,天然地震
,2025-10-28 22:40:16,130.05,-6.65,150.0,6.4,印尼班达海,天然地震
,2025-10-28 20:48:29,83.29,41.27,17.0,3.1,新疆阿克苏地区库车市,天然地震
,2025-10-28 08:12:47,88.36,43.39,41.0,3.0,新疆乌鲁木齐市达坂城区,天然地震
,2025-10-28 03:48:29,28.2,39.15,10.0,6.1,土耳其,天然地震
,2025-10-27 20:38:39,-59.5,16.4,10.0,6.5,背风群岛,天然地震
,2025-10-27 17:18:02,80.59,42.24,10.0,3.0,新疆阿克苏地区温宿县,天然地震
,2025-10-27 16:43:13,75.64,37.58,10.0,3.7,新疆喀什地区塔什库尔干县,天然地震
,2025-10-27 15:39:21,88.52,41.77,27.0,4.7,新疆吐鲁番市托克逊县,天然地震
,2025-10-27 01:04:27,123.95,-9.2,80.0,5.8,帝汶岛附近海域,天然地震
,2025-10-26 23:02:56,99.65,29.08,15.0,4.7,四川甘孜州乡城县,天然地震
,2025-10-26 17:06:56,83.47,44.01,22.0,3.3,新疆伊犁州尼勒克县,天然地震
,2025-10-26 17:04:56,83.46,44.0,21.0,3.3,新疆伊犁州尼勒克县,天然地震
,2025-10-26 12:31:13,88.44,41.71,30.0,4.2,新疆吐鲁番市托克逊县,天然地震
,2025-10-26 07:28:04,166.45,-12.4,60.0,5.9,所罗门群岛,天然地震
,2025-10-26 05:47:26,118.5,23.4,10.0,3.5,台湾海峡,天然地震
,2025-10-26 02:06:23,81.29,41.81,13.0,3.9,新疆阿克苏地区拜城县,天然地震
,2025-10-25 19:45:22,131.1,43.08,560.0,5.5,吉林延边州珲春市,天然地震
,2025-10-25 08:42:22,83.47,41.19,8.0,3.6,新疆阿克苏地区库车市,天然地震
,2025-10-25 08:31:33,102.61,39.04,8.0,3.1,甘肃武威市民勤县,天然地震
,2025-10-25 00:39:59,145.8,43.0,20.0,5.8,日本北海道附近海域,天然地震
,2025-10-24 20:15:43,88.2,41.83,13.0,3.7,新疆巴音郭楞州和硕县,天然地震
,2025-10-24 02:19:20,77.39,39.57,40.0,4.0,新疆喀什地区伽师县,天然地震
,2025-10-23 20:52:49,83.43,41.0,27.0,3.0,新疆阿克苏地区沙雅县,天然地震
,2025-10-23 20:28:06,120.76,23.9,28.0,4.0,台湾南投县,天然地震
,2025-10-22 11:57:06,-84.4,9.25,30.0,5.5,哥斯达黎加沿岸远海,天然地震
,2025-10-22 08:05:40,-79.75,-3.65,30.0,5.0,厄瓜多尔,天然地震
,2025-10-22 02:14:48,71.1,36.55,240.0,5.1,阿富汗,天然地震
,2025-10-21 04:12:47,84.08,40.88,20.0,3.8,新疆巴音郭楞州尉犁县,天然地震
,2025-10-20 17:45:59,77.22,40.17,29.0,3.9,新疆克孜勒苏州阿图什市,天然地震
,2025-10-20 09:56:19,76.97,36.68,66.0,3.3,新疆喀什地区叶城县,天然地震
,2025-10-19 12:30:18,100.47,23.76,10.0,3.6,云南普洱市景谷县,天然地震
,2025-10-18 21:46:47,104.11,31.55,10.0,3.0,四川德阳市绵竹市,天然地震
,2025-10-18 14:07:13,112.5,38.58,10.0,3.9,山西忻州市忻府区,天然地震
,2025-10-18 10:04:13,122.11,24.21,20.0,4.6,台湾花莲县海域,天然地震
,2025-10-17 20:15:08,72.85,36.7,10.0,5.3,巴基斯坦,天然地震
,2025-10-17 07:03:11,126.25,9.85,20.0,6.0,菲律宾群岛地区,天然地震
,2025-10-17 04:49:27,83.42,41.04,19.0,3.2,新疆阿克苏地区沙雅县,天然地震
,2025-10-17 00:56:36,104.59,34.9,14.0,3.0,甘肃定西市陇西县,天然地震
,2025-10-16 13:48:52,138.85,-2.05,10.0,6.5,印尼巴布亚省,天然地震
,2025-10-16 10:41:53,81.22,42.35,10.0,3.0,新疆伊犁州昭苏县,天然地震
,2025-10-16 09:42:33,-61.5,-59.95,10.0,6.1,德雷克海峡,天然地震
,2025-10-15 06:36:18,104.91,28.36,12.0,3.1,四川宜宾市长宁县,天然地震
,2025-10-14 23:24:18,81.2,42.34,10.0,3.0,新疆伊犁州昭苏县,天然地震
,2025-10-14 16:55:56,74.96,39.56,10.0,3.1,新疆克孜勒苏州乌恰县,天然地震
,2025-10-14 11:15:28,81.29,41.81,10.0,4.0,新疆阿克苏地区拜城县,天然地震
,2025-10-13 19:11:01,141.65,7.35,20.0,5.7,加罗林群岛,天然地震
,2025-10-13 01:06:02,124.0,10.95,20.0,5.7,菲律宾,天然地震
,2025-10-12 15:21:43,103.09,30.48,10.0,4.7,四川雅安市芦山县,天然地震
,2025-10-12 11:57:54,83.39,41.17,10.0,4.0,新疆阿克苏地区库车市,天然地震
,2025-10-12 07:23:59,104.14,31.8,15.0,3.1,四川阿坝州茂县,天然地震
,2025-10-12 00:18:24,40.0,13.8,10.0,5.4,埃塞俄比亚,天然地震
,2025-10-12 00:01:57,39.85,13.85,10.0,5.2,埃塞俄比亚,天然地震
,2025-10-11 22:32:56,126.55,9.05,50.0,5.8,菲律宾群岛地区,天然地震
,2025-10-11 22:11:56,104.95,28.31,10.0,3.4,四川宜宾市长宁县,天然地震
,2025-10-11 12:27:10,83.36,41.15,19.0,3.1,新疆阿克苏地区库车市,天然地震
,2025-10-11 12:03:56,83.4,41.14,22.0,3.2,新疆阿克苏地区库车市,天然地震
,2025-10-11 11:18:13,103.46,27.03,10.0,4.8,云南昭通市鲁甸县,天然地震
,2025-10-11 10:03:56,89.1,43.43,27.0,3.0,新疆吐鲁番市高昌区,天然地震
,2025-10-11 04:29:21,-62.05,-60.25,10.0,7.6,德雷克海峡,天然地震
,2025-10-11 03:02:56,103.84,31.32,12.0,3.1,四川成都市彭州市,天然地震
,2025-10-10 21:21:11,103.44,27.0,10.0,4.4,云南昭通市鲁甸县,天然地震
,2025-10-10 19:12:05,126.75,7.3,50.0,6.7,菲律宾群岛地区,天然地震
,2025-10-10 15:21:22,83.77,41.2,13.0,3.1,新疆阿克苏地区库车市,天然地震
,2025-10-10 11:10:09,99.92,30.84,9.0,3.1,四川甘孜州新龙县,天然地震
,2025-10-10 09:43:55,127.0,7.55,50.0,7.4,菲律宾群岛地区,天然地震
,2025-10-09 18:32:03,116.56,31.46,10.0,3.4,安徽六安市金安区,天然地震
,2025-10-09 15:37:07,75.76,36.78,10.0,3.8,新疆喀什地区塔什库尔干县,天然地震
,2025-10-09 13:34:21,99.87,30.84,8.0,3.0,四川甘孜州新龙县,天然地震
,2025-10-09 13:17:38,99.86,30.84,10.0,5.4,四川甘孜州新龙县,天然地震
,2025-10-08 21:33:49,88.41,42.99,10.0,3.0,新疆吐鲁番市托克逊县,天然地震
,2025-10-08 17:40:31,100.49,23.76,10.0,3.1,云南普洱市景谷县,天然地震
,2025-10-08 11:33:52,122.11,23.47,10.0,4.1,台湾花莲县海域,天然地震
,2025-10-08 07:52:13,121.59,23.97,10.0,4.5,台湾花莲县,天然地震
,2025-10-07 19:05:16,146.8,-6.75,100.0,6.6,巴布亚新几内亚,天然地震
,2025-10-07 18:58:58,123.69,46.4,10.0,3.2,黑龙江齐齐哈尔市泰来县,天然地震
,2025-10-07 13:11:18,100.48,23.76,10.0,3.1,云南普洱市景谷县,天然地震
,2025-10-07 12:27:30,85.96,34.14,10.0,3.6,西藏阿里地区改则县,天然地震
,2025-10-07 11:39:15,100.49,23.76,10.0,3.7,云南普洱市景谷县,天然地震
,2025-10-07 10:58:03,83.64,41.22,21.0,3.0,新疆阿克苏地区库车市,天然地震
,2025-10-07 05:41:46,96.51,39.54,10.0,3.1,甘肃酒泉市肃北县,天然地震
,2025-10-06 18:23:18,75.61,36.97,10.0,3.4,新疆喀什地区塔什库尔干县,天然地震
,2025-10-06 13:24:05,100.46,23.76,10.0,3.0,云南普洱市景谷县,天然地震
,2025-10-05 14:20:02,77.11,40.4,21.0,3.8,新疆克孜勒苏州阿图什市,天然地震
,2025-10-05 12:56:48,100.47,23.78,10.0,3.2,云南普洱市景谷县,天然地震
,2025-10-05 05:03:44,100.49,23.76,10.0,3.0,云南普洱市景谷县,天然地震
,2025-10-05 05:01:43,100.48,23.77,10.0,4.1,云南普洱市景谷县,天然地震
,2025-10-04 17:30:40,82.72,40.8,19.0,3.7,新疆阿克苏地区沙雅县,天然地震
,2025-10-04 00:07:48,159.5,51.8,30.0,6.1,堪察加东岸附近海域,天然地震
,2025-10-03 05:37:55,-63.35,-26.95,540.0,5.7,阿根廷,天然地震
,2025-10-02 19:53:21,78.03,40.91,10.0,3.0,新疆克孜勒苏州阿合奇县,天然地震
,2025-10-02 19:23:10,104.59,34.86,14.0,3.7,甘肃定西市陇西县,天然地震
,2025-10-02 18:03:38,99.96,38.43,10.0,3.0,甘肃张掖市肃南县,天然地震
,2025-10-02 16:37:34,99.91,28.09,10.0,3.0,云南迪庆州香格里拉市,天然地震
,2025-10-02 16:00:34,78.01,40.93,10.0,3.6,新疆克孜勒苏州阿合奇县,天然地震
,2025-10-02 11:26:45,76.99,36.39,10.0,3.9,新疆喀什地区叶城县,天然地震
,2025-10-02 08:27:34,121.13,33.43,12.0,3.4,江苏盐城市大丰区海域,天然地震
,2025-10-02 07:58:48,99.96,38.4,10.0,3.2,甘肃张掖市肃南县,天然地震
,2025-10-02 05:00:21,83.71,41.2,18.0,3.2,新疆阿克苏地区库车市,天然地震
,2025-10-02 00:31:25,99.99,38.41,10.0,3.3,甘肃张掖市肃南县,天然地震
,2025-10-02 00:03:36,123.7,46.38,10.0,3.0,黑龙江齐齐哈尔市泰来县,天然地震
,2025-9-30 23:17:02,85.97,42.05,21.0,3.4,新疆巴音郭楞州焉耆县,天然地震
,2025-9-30 21:59:46,124.1,11.2,10.0,6.9,菲律宾群岛地区,天然地震
,2025-9-30 20:57:51,102.93,30.22,11.0,3.4,四川雅安市芦山县,天然地震
,2025-9-30 19:20:39,87.44,43.71,29.0,3.2,新疆乌鲁木齐市沙依巴克区,天然地震
,2025-9-29 10:30:37,101.08,25.34,10.0,3.1,云南楚雄州南华县,天然地震
,2025-9-29 00:54:30,103.13,23.29,10.0,3.0,云南红河州个旧市,天然地震
,2025-9-28 17:59:16,28.8,39.25,10.0,5.1,土耳其,天然地震
,2025-9-28 04:25:00,104.59,34.88,9.0,3.6,甘肃定西市陇西县,天然地震
,2025-9-27 08:38:14,104.6,34.87,12.0,3.0,甘肃定西市陇西县,天然地震
,2025-9-27 07:14:00,104.6,34.89,10.0,3.5,甘肃定西市陇西县,天然地震
,2025-9-27 06:28:45,104.55,34.87,13.0,4.3,甘肃定西市漳县,天然地震
,2025-9-27 06:28:23,104.61,34.87,10.0,4.5,甘肃定西市陇西县,天然地震
,2025-9-27 05:49:57,104.58,34.91,10.0,5.6,甘肃定西市陇西县,天然地震
,2025-9-26 22:40:17,83.47,41.07,21.0,4.0,新疆阿克苏地区库车市,天然地震
,2025-9-25 12:30:03,81.22,42.35,9.0,3.1,新疆伊犁州昭苏县,天然地震
,2025-9-25 11:51:37,-70.8,9.85,10.0,6.4,委内瑞拉,天然地震
,2025-9-25 06:21:55,-70.85,9.85,10.0,6.2,委内瑞拉,天然地震
,2025-9-24 16:53:36,76.97,36.35,10.0,3.4,新疆喀什地区叶城县,天然地震
,2025-9-24 16:52:37,76.97,36.39,10.0,3.3,新疆喀什地区叶城县,天然地震
,2025-9-23 08:21:40,76.97,36.34,10.0,3.6,新疆喀什地区叶城县,天然地震
,2025-9-23 03:43:29,76.94,36.35,8.0,3.3,新疆喀什地区叶城县,天然地震
,2025-9-22 18:27:47,87.77,44.04,17.0,3.0,新疆乌鲁木齐市米东区,天然地震
,2025-9-22 14:07:22,78.87,36.89,15.0,3.1,新疆和田地区皮山县,天然地震
,2025-9-22 11:10:40,110.95,31.71,8.0,3.6,湖北襄阳市保康县,天然地震
,2025-9-22 03:20:15,120.94,23.74,20.0,4.0,台湾南投县,天然地震
,2025-9-21 08:11:03,83.69,41.21,18.0,3.2,新疆阿克苏地区库车市,天然地震
,2025-9-21 04:35:22,83.31,41.2,13.0,3.6,新疆阿克苏地区库车市,天然地震
,2025-9-20 17:12:31,105.48,29.4,8.0,3.4,重庆荣昌区,天然地震
,2025-9-20 16:51:20,119.26,24.49,10.0,4.1,台湾海峡,天然地震
,2025-9-20 06:56:44,119.24,24.46,10.0,4.5,台湾海峡,天然地震
,2025-9-20 03:16:47,81.2,42.36,10.0,3.6,新疆伊犁州昭苏县,天然地震
,2025-9-19 23:45:35,161.15,52.9,10.0,6.0,堪察加东岸远海,天然地震
,2025-9-19 09:18:16,99.66,23.9,10.0,3.6,云南临沧市耿马县,天然地震
,2025-9-19 02:58:15,160.6,53.1,20.0,7.8,堪察加东岸附近海域,天然地震
,2025-9-19 02:19:48,135.55,-3.65,20.0,6.1,印尼巴布亚省,天然地震
,2025-9-18 08:13:41,83.74,41.47,15.0,3.8,新疆阿克苏地区库车市,天然地震
,2025-9-17 13:46:42,82.68,44.0,19.0,3.9,新疆伊犁州尼勒克县,天然地震
,2025-9-16 23:05:16,83.78,41.43,11.0,3.3,新疆阿克苏地区库车市,天然地震
,2025-9-16 00:34:38,160.55,53.0,20.0,5.9,堪察加东岸远海,天然地震
,2025-9-15 16:42:09,104.03,29.4,10.0,4.0,四川乐山市犍为县,天然地震
,2025-9-14 23:18:36,75.71,36.9,12.0,3.9,新疆喀什地区塔什库尔干县,天然地震
,2025-9-14 20:05:29,98.93,23.9,10.0,3.1,云南临沧市镇康县,天然地震
,2025-9-14 19:11:49,92.3,26.71,20.0,5.5,印度,天然地震
,2025-9-14 18:58:42,84.14,40.93,23.0,3.2,新疆巴音郭楞州尉犁县,天然地震
,2025-9-14 13:49:34,83.73,41.17,16.0,3.0,新疆阿克苏地区库车市,天然地震
,2025-9-14 05:03:02,87.05,29.03,10.0,3.4,西藏日喀则市定日县,天然地震
,2025-9-13 13:42:33,78.31,41.03,15.0,3.1,新疆克孜勒苏州阿合奇县,天然地震
,2025-9-13 10:37:53,160.45,53.05,20.0,7.3,堪察加东岸附近海域,天然地震
,2025-9-13 05:42:08,87.05,29.02,15.0,4.5,西藏日喀则市定日县,天然地震
,2025-9-13 01:36:02,75.64,36.99,10.0,4.0,新疆喀什地区塔什库尔干县,天然地震
,2025-9-12 05:40:47,76.58,38.45,14.0,3.0,新疆喀什地区英吉沙县,天然地震
,2025-9-12 02:15:53,83.4,41.02,25.0,3.0,新疆阿克苏地区沙雅县,天然地震
,2025-9-11 06:25:33,83.48,41.37,21.0,3.7,新疆阿克苏地区库车市,天然地震
,2025-9-10 15:41:31,117.36,23.3,11.0,3.8,广东汕头市南澳县海域,天然地震
,2025-9-09 09:10:04,105.14,29.18,8.0,3.6,四川自贡市富顺县,天然地震
,2025-9-09 05:26:01,87.93,34.04,10.0,4.0,西藏那曲市双湖县,天然地震
,2025-9-08 14:19:28,76.07,36.23,10.0,3.3,新疆喀什地区塔什库尔干县,天然地震
,2025-9-08 13:50:47,122.39,23.81,15.0,4.2,台湾花莲县海域,天然地震
,2025-9-08 07:43:27,75.22,38.23,15.0,3.6,新疆克孜勒苏州阿克陶县,天然地震
,2025-9-08 05:56:08,81.81,41.89,10.0,3.8,新疆阿克苏地区拜城县,天然地震
,2025-9-07 18:19:56,92.24,33.35,10.0,3.3,青海海西州唐古拉地区,天然地震
,2025-9-07 14:17:18,83.19,43.44,27.0,3.8,新疆伊犁州新源县,天然地震
,2025-9-06 21:12:56,83.39,41.14,17.0,3.2,新疆阿克苏地区库车市,天然地震
,2025-9-06 16:36:53,105.07,32.41,10.0,4.0,四川广元市青川县,天然地震
,2025-9-06 04:27:39,102.88,33.0,12.0,3.8,四川阿坝州红原县,天然地震
,2025-9-05 17:07:04,83.47,41.04,22.0,3.3,新疆阿克苏地区沙雅县,天然地震
,2025-9-05 00:56:25,70.75,34.5,10.0,5.5,阿富汗,天然地震
,2025-9-04 21:06:31,81.84,41.86,15.0,4.0,新疆阿克苏地区拜城县,天然地震
,2025-9-04 15:15:05,81.83,41.84,14.0,4.1,新疆阿克苏地区拜城县,天然地震
,2025-9-04 13:16:33,83.69,41.29,14.0,3.0,新疆阿克苏地区库车市,天然地震
,2025-9-04 08:54:28,86.12,41.98,12.0,3.1,新疆巴音郭楞州焉耆县,天然地震
,2025-9-04 05:00:11,81.84,41.9,16.0,3.9,新疆阿克苏地区拜城县,天然地震
,2025-9-04 04:57:44,-169.0,52.05,10.0,5.9,福克斯群岛,天然地震
,2025-9-04 04:11:00,97.48,33.63,10.0,3.8,四川甘孜州石渠县,天然地震
,2025-9-04 00:52:49,83.81,41.32,18.0,3.9,新疆阿克苏地区库车市,天然地震
,2025-9-03 08:54:14,99.91,28.08,10.0,3.0,云南迪庆州香格里拉市,天然地震
,2025-9-02 15:58:50,78.76,40.75,17.0,4.7,新疆阿克苏地区柯坪县,天然地震
,2025-9-01 20:30:11,76.83,36.43,10.0,3.0,新疆喀什地区叶城县,天然地震
,2025-9-01 04:55:08,99.91,28.07,10.0,3.1,云南迪庆州香格里拉市,天然地震
,2025-9-01 03:17:38,70.8,34.5,20.0,6.1,阿富汗,天然地震
,2025-8-31 09:11:25,84.08,40.94,26.0,3.3,新疆巴音郭楞州尉犁县,天然地震
,2025-8-28 22:00:29,84.45,30.08,14.0,3.8,西藏日喀则市仲巴县,天然地震
,2025-8-28 19:07:48,-180.0,52.0,120.0,5.8,拉特群岛,天然地震
,2025-8-27 21:27:08,71.4,36.35,150.0,5.3,阿富汗,天然地震
,2025-8-27 21:11:00,121.84,24.89,110.0,4.9,台湾宜兰县,天然地震
,2025-8-27 11:49:53,157.6,50.85,10.0,6.0,堪察加东岸沿海,天然地震
,2025-8-27 08:41:19,83.89,41.31,11.0,3.1,新疆阿克苏地区库车市,天然地震
,2025-8-27 08:32:32,88.25,33.06,10.0,3.3,西藏那曲市双湖县,天然地震
,2025-8-27 04:16:09,88.38,32.98,10.0,4.5,西藏那曲市双湖县,天然地震
,2025-8-26 19:40:24,78.04,36.19,80.0,4.0,新疆和田地区皮山县,天然地震
,2025-8-26 13:56:08,98.81,25.28,10.0,3.2,云南保山市隆阳区,天然地震
,2025-8-26 10:03:55,84.46,30.1,8.0,3.8,西藏日喀则市仲巴县,天然地震
,2025-8-26 08:03:58,87.77,33.97,10.0,4.7,西藏那曲市双湖县,天然地震
,2025-8-25 14:48:35,160.1,49.45,10.0,6.3,堪察加东岸远海,天然地震
,2025-8-25 09:09:42,104.87,28.25,10.0,3.4,四川宜宾市珙县,天然地震
,2025-8-24 03:53:23,83.35,44.01,21.0,4.0,新疆博尔塔拉州精河县,天然地震
,2025-8-24 03:06:48,78.39,41.1,11.0,4.3,新疆克孜勒苏州阿合奇县,天然地震
,2025-8-23 20:24:52,96.65,2.1,10.0,5.7,印尼苏门答腊岛北部,天然地震
,2025-8-23 17:14:28,-90.2,13.2,30.0,6.0,中美洲沿岸远海,天然地震
,2025-8-22 20:52:55,168.6,-17.6,200.0,5.4,瓦努阿图群岛,天然地震
,2025-8-22 15:48:46,75.78,39.94,18.0,3.3,新疆克孜勒苏州乌恰县,天然地震
,2025-8-22 14:06:15,120.51,23.19,22.0,4.6,台湾台南市,天然地震
,2025-8-22 10:16:18,-62.3,-60.25,10.0,7.4,德雷克海峡,天然地震
,2025-8-22 09:47:40,105.06,29.68,8.0,3.1,四川内江市东兴区,天然地震
,2025-8-22 06:34:42,142.6,38.65,50.0,5.7,日本本州东岸近海,天然地震
,2025-8-21 19:21:07,160.1,51.85,30.0,5.8,堪察加东岸远海,天然地震
,2025-8-21 16:37:46,120.52,23.29,16.0,4.2,台湾台南市,天然地震
,2025-8-21 11:14:56,111.8,37.39,12.0,3.2,山西吕梁市汾阳市,天然地震
,2025-8-21 01:52:42,83.99,29.59,10.0,3.1,西藏日喀则市仲巴县,天然地震
,2025-8-19 13:19:49,70.7,36.5,230.0,5.1,阿富汗,天然地震
,2025-8-19 09:26:07,121.78,23.98,24.0,4.3,台湾花莲县海域,天然地震
,2025-8-18 10:24:54,88.2,34.19,10.0,3.1,西藏那曲市双湖县,天然地震
,2025-8-18 10:19:31,86.65,33.92,10.0,3.2,西藏那曲市尼玛县,天然地震
,2025-8-18 09:55:22,88.11,32.99,10.0,3.5,西藏那曲市双湖县,天然地震
,2025-8-18 09:53:24,88.02,33.19,10.0,3.6,西藏那曲市双湖县,天然地震
,2025-8-17 06:51:31,119.82,21.27,20.0,4.4,南海海域,天然地震
,2025-8-17 06:38:53,120.8,-1.4,10.0,5.8,印尼苏拉威西岛,天然地震
,2025-8-17 05:13:11,131.95,31.75,10.0,5.7,日本九州岛附近海域,天然地震
,2025-8-17 03:30:47,107.05,30.64,8.0,3.3,四川达州市大竹县,天然地震
,2025-8-16 21:05:33,118.33,36.48,11.0,3.0,山东潍坊市青州市,天然地震
,2025-8-16 20:08:21,170.95,-23.3,10.0,5.7,洛亚蒂群岛,天然地震
,2025-8-16 16:47:28,113.43,39.91,10.0,3.5,山西大同市云州区,天然地震
,2025-8-16 16:46:22,113.48,39.94,11.0,3.8,山西大同市云州区,天然地震
,2025-8-15 21:24:18,98.38,25.66,10.0,3.0,缅甸,天然地震
,2025-8-15 00:22:31,166.15,-11.6,30.0,6.2,所罗门群岛,天然地震
,2025-8-14 12:38:17,-172.05,-17.9,100.0,5.6,汤加群岛,天然地震
,2025-8-14 11:57:55,93.67,32.53,10.0,3.2,西藏那曲市巴青县,天然地震
,2025-8-14 11:16:06,86.96,44.1,14.0,3.1,新疆昌吉州呼图壁县,天然地震
,2025-8-14 00:13:12,118.68,33.03,12.0,3.3,江苏淮安市盱眙县,天然地震
,2025-8-12 16:24:24,138.95,-2.1,10.0,6.3,印尼巴布亚省,天然地震
,2025-8-12 14:56:25,98.47,25.81,10.0,3.0,缅甸,天然地震
,2025-8-12 14:01:18,114.63,39.74,12.0,3.1,河北张家口市蔚县,天然地震
,2025-8-11 10:21:01,-94.2,15.1,10.0,5.8,墨西哥沿岸近海,天然地震
,2025-8-11 00:53:46,27.95,39.2,10.0,6.3,土耳其,天然地震
,2025-8-10 14:03:36,121.6,23.73,10.0,4.5,台湾花莲县,天然地震
,2025-8-10 12:56:48,145.75,13.15,10.0,5.9,马里亚纳群岛,天然地震
,2025-8-10 04:40:58,-92.3,13.6,10.0,6.0,危地马拉沿岸近海,天然地震
,2025-8-09 22:04:05,160.05,50.0,10.0,6.0,千岛群岛以东海域,天然地震
,2025-8-09 03:31:21,88.04,32.28,10.0,3.1,西藏那曲市双湖县,天然地震
,2025-8-08 02:31:07,101.93,22.56,10.0,3.3,云南普洱市江城县,天然地震
,2025-8-08 00:33:59,152.85,-4.3,10.0,5.9,巴布亚新几内亚,天然地震
,2025-8-07 15:45:05,123.0,24.5,80.0,5.4,台湾以东海域,天然地震
,2025-8-06 18:43:11,159.4,51.6,10.0,5.7,堪察加东岸远海,天然地震
,2025-8-06 18:35:08,159.5,51.65,10.0,5.8,堪察加东岸远海,天然地震
,2025-8-06 14:20:01,100.17,38.59,8.0,3.0,甘肃张掖市肃南县,天然地震
,2025-8-05 13:06:43,59.0,28.2,30.0,5.3,伊朗,天然地震
,2025-8-04 12:20:53,157.0,48.65,10.0,6.2,千岛群岛以东海域,天然地震
,2025-8-04 09:33:27,113.45,39.94,8.0,3.3,山西大同市云州区,天然地震
,2025-8-04 04:52:08,88.13,42.05,21.0,3.0,新疆吐鲁番市托克逊县,天然地震
,2025-8-03 22:26:49,160.6,52.5,20.0,5.6,堪察加东岸远海,天然地震
,2025-8-03 13:37:55,157.8,50.55,40.0,6.7,千岛群岛附近海域,天然地震
,2025-8-03 11:46:59,92.59,29.76,10.0,3.6,西藏林芝市工布江达县,天然地震
,2025-8-03 11:03:21,84.81,42.31,10.0,3.0,新疆巴音郭楞州轮台县,天然地震
,2025-8-03 06:12:45,113.47,39.95,10.0,3.1,山西大同市云州区,天然地震
,2025-8-03 01:58:48,-96.05,17.45,70.0,5.8,墨西哥,天然地震
,2025-8-02 23:57:51,77.23,40.49,11.0,4.0,新疆克孜勒苏州阿图什市,天然地震
,2025-8-02 22:14:03,159.6,51.65,10.0,6.0,堪察加东岸远海,天然地震
,2025-8-02 06:57:57,103.4,30.06,8.0,3.0,四川眉山市丹棱县,天然地震
,2025-8-02 02:20:45,159.15,50.25,10.0,6.1,千岛群岛,天然地震
,2025-8-01 19:57:22,160.05,51.8,10.0,5.9,堪察加东岸远海,天然地震
,2025-8-01 09:27:52,86.41,34.03,10.0,3.8,西藏那曲市尼玛县,天然地震
,2025-8-01 04:36:03,160.75,52.7,10.0,5.5,堪察加东岸远海,天然地震
,2025-7-31 22:34:52,159.35,51.7,10.0,5.2,堪察加东岸远海,天然地震
,2025-7-31 13:27:13,158.75,49.5,10.0,6.5,千岛群岛,天然地震
,2025-7-31 11:23:44,96.25,30.78,10.0,3.0,西藏昌都市洛隆县,天然地震
,2025-7-31 07:15:32,160.6,52.5,10.0,5.7,堪察加东岸远海,天然地震
,2025-7-31 00:57:36,157.6,50.2,10.0,5.5,千岛群岛,天然地震
,2025-7-31 00:47:13,159.6,50.55,10.0,5.6,堪察加东岸远海,天然地震
,2025-7-31 00:07:41,157.55,49.6,10.0,5.7,千岛群岛,天然地震
,2025-7-30 22:47:42,157.7,50.1,10.0,6.0,千岛群岛,天然地震
,2025-7-30 17:56:14,159.9,51.7,10.0,6.0,堪察加东岸远海,天然地震
,2025-7-30 15:34:42,156.3,48.8,10.0,6.0,千岛群岛,天然地震
,2025-7-30 13:38:26,88.95,41.08,11.0,3.2,新疆巴音郭楞州尉犁县,天然地震
,2025-7-30 08:16:06,159.65,52.35,10.0,6.0,堪察加东岸远海,天然地震
,2025-7-30 08:09:59,160.25,51.85,10.0,6.9,堪察加东岸远海,天然地震
,2025-7-30 07:24:49,160.2,52.4,10.0,8.7,堪察加东岸远海,天然地震
,2025-7-30 05:25:26,-89.6,14.15,10.0,5.4,萨尔瓦多,天然地震
,2025-7-30 05:21:50,-89.55,14.15,10.0,5.6,萨尔瓦多,天然地震
,2025-7-30 03:26:20,101.71,28.22,10.0,3.3,四川凉山州盐源县,天然地震
,2025-7-30 01:53:41,179.0,-23.25,550.0,6.6,斐济群岛以南海域,天然地震
,2025-7-29 06:10:35,157.75,-57.4,10.0,6.9,麦夸里岛地区,天然地震
,2025-7-29 05:45:17,87.17,44.09,10.0,3.1,新疆昌吉州昌吉市,天然地震
,2025-7-29 02:41:48,93.05,6.65,10.0,6.6,尼科巴群岛,天然地震
,2025-7-28 09:42:19,100.79,25.34,10.0,3.2,云南大理州祥云县,天然地震
,2025-7-27 19:13:44,119.39,38.49,40.0,4.4,渤海海域,天然地震
,2025-7-27 17:13:11,79.45,33.95,35.0,3.1,西藏阿里地区日土县,天然地震
,2025-7-27 00:49:38,83.55,41.19,12.0,3.2,新疆阿克苏地区库车市,天然地震
,2025-7-27 00:15:06,157.75,-57.7,10.0,6.2,麦夸里岛附近海域,天然地震
,2025-7-26 13:31:47,131.6,-0.4,10.0,5.5,印尼西巴布亚省附近海域,天然地震
,2025-7-26 05:31:36,101.12,23.16,10.0,3.1,云南普洱市宁洱县,天然地震
,2025-7-26 05:30:00,126.9,2.05,100.0,5.8,印尼马鲁古海,天然地震
,2025-7-26 01:02:06,104.02,38.24,10.0,4.7,内蒙古阿拉善盟阿拉善左旗,天然地震
,2025-7-25 23:23:10,97.55,41.43,38.0,3.1,甘肃酒泉市肃北县,天然地震
,2025-7-25 19:22:00,146.45,-55.35,10.0,6.2,麦夸里岛以西海域,天然地震
,2025-7-25 10:13:01,111.27,35.85,19.0,4.2,山西临汾市襄汾县,天然地震
,2025-7-25 07:37:55,-175.85,-14.7,300.0,6.6,斐济群岛地区,天然地震
,2025-7-25 07:20:53,104.59,39.48,15.0,3.1,内蒙古阿拉善盟阿拉善左旗,天然地震
,2025-7-25 06:37:25,161.1,52.9,10.0,6.0,堪察加东岸远海,天然地震
,2025-7-25 00:37:20,143.65,-4.4,100.0,5.7,巴布亚新几内亚,天然地震
,2025-7-24 21:07:03,120.7,-2.15,40.0,5.4,印尼苏拉威西岛,天然地震
,2025-7-24 04:50:45,122.05,0.3,160.0,6.3,印尼苏拉威西岛附近海域,天然地震
,2025-7-22 20:37:03,76.99,40.31,30.0,3.1,新疆克孜勒苏州阿图什市,天然地震
,2025-7-22 09:59:00,160.6,52.8,10.0,6.0,堪察加东岸远海,天然地震
,2025-7-22 00:41:06,146.4,-5.9,100.0,5.8,巴布亚新几内亚,天然地震
,2025-7-21 06:28:00,-160.0,54.75,40.0,6.2,美国阿拉斯加州以南海域,天然地震
,2025-7-21 05:15:25,96.24,30.77,10.0,3.0,西藏昌都市洛隆县,天然地震
,2025-7-20 22:57:13,83.09,41.01,10.0,3.1,新疆阿克苏地区沙雅县,天然地震
,2025-7-20 15:23:03,160.7,52.85,10.0,6.6,堪察加东岸远海,天然地震
,2025-7-20 15:07:43,160.55,52.9,10.0,6.7,堪察加东岸远海,天然地震
,2025-7-20 14:49:06,160.45,52.9,10.0,7.2,堪察加东岸远海,天然地震
,2025-7-20 14:28:22,160.4,53.05,10.0,6.6,堪察加东岸远海,天然地震
,2025-7-20 13:45:28,121.45,19.65,30.0,5.5,菲律宾群岛地区,天然地震
,2025-7-20 05:37:47,54.95,37.05,10.0,5.0,伊朗,天然地震
,2025-7-19 19:53:18,89.85,32.76,10.0,3.8,西藏那曲市双湖县,天然地震
,2025-7-18 17:13:04,83.78,41.2,18.0,3.2,新疆阿克苏地区库车市,天然地震
,2025-7-18 16:16:57,80.67,42.35,12.0,3.0,新疆阿克苏地区拜城县,天然地震
,2025-7-17 17:04:23,119.15,-10.35,10.0,5.3,印尼松巴哇岛南部海域,天然地震
,2025-7-17 04:37:39,-160.7,54.55,20.0,7.3,美国阿拉斯加州以南海域,天然地震
,2025-7-16 01:15:54,-32.35,83.2,10.0,5.7,格陵兰岛,天然地震
,2025-7-15 22:47:25,101.09,29.43,10.0,3.2,四川甘孜州雅江县,天然地震
,2025-7-15 05:37:58,151.75,46.3,90.0,5.8,千岛群岛,天然地震
,2025-7-15 01:16:52,-82.7,5.95,10.0,6.3,巴拿马以南海域,天然地震
,2025-7-14 23:19:48,99.72,21.73,10.0,3.6,缅甸,天然地震
,2025-7-14 22:28:40,103.43,28.05,10.0,3.0,云南昭通市永善县,天然地震
,2025-7-14 16:06:35,99.7,21.71,10.0,4.6,缅甸,天然地震
,2025-7-14 13:49:58,131.3,-6.15,70.0,6.6,印尼卡伊群岛,天然地震
,2025-7-14 08:01:20,99.69,21.71,10.0,3.8,缅甸,天然地震
,2025-7-12 12:00:28,83.55,41.46,10.0,3.0,新疆阿克苏地区库车市,天然地震
,2025-7-11 06:10:09,83.61,40.01,19.0,3.3,新疆阿克苏地区沙雅县,天然地震
,2025-7-10 02:39:52,88.28,43.0,20.0,4.4,新疆吐鲁番市托克逊县,天然地震
,2025-7-09 18:54:03,115.24,41.05,20.0,3.4,河北张家口市崇礼区,天然地震
,2025-7-09 13:25:55,81.74,33.54,10.0,3.8,西藏阿里地区日土县,天然地震
,2025-7-09 11:29:19,79.11,40.82,10.0,3.1,新疆阿克苏地区柯坪县,天然地震
,2025-7-09 09:12:12,122.18,39.43,11.0,3.3,辽宁大连市普兰店区,天然地震
,2025-7-08 04:47:30,87.55,43.32,31.0,3.9,新疆乌鲁木齐市乌鲁木齐县,天然地震
,2025-7-08 03:57:05,121.53,23.85,14.0,4.0,台湾花莲县,天然地震
,2025-7-08 03:45:37,102.53,29.11,15.0,3.0,四川凉山州甘洛县,天然地震
,2025-7-07 20:01:28,121.81,24.58,60.0,4.0,台湾宜兰县,天然地震
,2025-7-07 18:39:26,95.96,33.33,10.0,3.2,青海玉树州玉树市,天然地震
,2025-7-07 03:20:40,94.43,32.33,10.0,3.0,西藏那曲市巴青县,天然地震
,2025-7-06 22:34:22,83.4,44.21,10.0,4.3,新疆博尔塔拉州精河县,天然地震
,2025-7-04 11:09:15,119.73,49.4,10.0,3.1,内蒙古呼伦贝尔市陈巴...,天然地震
,2025-7-04 09:48:44,94.04,43.52,10.0,3.0,新疆哈密市伊吾县,天然地震
,2025-7-03 16:22:32,79.71,40.78,14.0,3.2,新疆阿克苏地区乌什县,天然地震
,2025-7-03 13:41:38,-67.55,-21.2,160.0,5.5,玻利维亚,天然地震
,2025-7-02 20:13:52,119.77,49.38,10.0,3.8,内蒙古呼伦贝尔市陈巴...,天然地震
,2025-7-02 19:32:13,104.9,28.35,10.0,3.1,四川宜宾市长宁县,天然地震
,2025-7-02 15:15:25,-178.95,-17.6,530.0,5.7,斐济群岛地区,天然地震
,2025-6-29 18:01:22,104.97,28.05,10.0,3.1,四川宜宾市珙县,天然地震
,2025-6-29 06:24:00,70.04,30.44,10.0,5.6,巴基斯坦,天然地震
,2025-6-29 02:29:15,83.35,34.45,10.0,3.0,西藏阿里地区改则县,天然地震
,2025-6-28 17:51:30,141.92,72.54,10.0,5.2,俄罗斯西伯利亚东部,天然地震
,2025-6-28 16:32:23,-38.76,-61.1,10.0,6.4,南极洲斯科舍海,天然地震
,2025-6-28 16:24:46,82.16,41.88,19.0,3.6,新疆阿克苏地区拜城县,天然地震
,2025-6-28 07:07:10,126.22,5.36,108.0,5.8,菲律宾棉兰老岛附近海域,天然地震
,2025-6-27 18:11:30,80.69,36.96,18.0,3.1,新疆和田地区策勒县,天然地震
,2025-6-27 12:25:51,98.97,34.52,22.0,4.5,青海果洛州玛沁县,天然地震
,2025-6-27 11:43:44,83.87,40.74,23.0,3.7,新疆阿克苏地区沙雅县,天然地震
,2025-6-27 09:50:44,84.02,40.76,18.0,3.3,新疆阿克苏地区沙雅县,天然地震
,2025-6-27 00:24:59,111.32,31.29,8.0,3.4,湖北宜昌市远安县,天然地震
,2025-6-26 18:44:15,83.67,40.59,24.0,3.8,新疆阿克苏地区沙雅县,天然地震
,2025-6-25 15:17:51,104.83,28.41,10.0,4.5,四川宜宾市珙县,天然地震
,2025-6-25 11:51:47,86.83,44.17,12.0,3.8,新疆昌吉州呼图壁县,天然地震
,2025-6-24 09:58:09,129.91,7.98,30.0,6.3,菲律宾群岛以东,天然地震
,2025-6-24 06:27:41,103.41,30.11,8.0,3.6,四川成都市蒲江县,天然地震
,2025-6-24 03:10:08,103.12,27.17,10.0,3.1,云南昭通市巧家县,天然地震
,2025-6-24 02:00:57,121.43,23.77,21.0,4.0,台湾花莲县,天然地震
,2025-6-23 18:48:50,113.17,23.62,10.0,4.3,广东清远市清城区,天然地震
,2025-6-23 07:35:49,81.91,33.71,10.0,3.1,西藏阿里地区日土县,天然地震
,2025-6-23 06:30:01,86.84,44.12,15.0,3.4,新疆昌吉州呼图壁县,天然地震
,2025-6-22 21:52:19,80.35,34.5,10.0,3.8,西藏阿里地区日土县,天然地震
,2025-6-22 16:15:08,129.42,29.26,10.0,5.2,琉球群岛,天然地震
,2025-6-22 05:23:18,146.38,42.82,10.0,6.2,日本北海道沿岸远海,天然地震
,2025-6-21 08:13:04,83.44,41.38,17.0,3.1,新疆阿克苏地区库车市,天然地震
,2025-6-20 11:36:14,83.46,41.08,20.0,3.2,新疆阿克苏地区库车市,天然地震
,2025-6-20 04:18:37,119.83,21.99,13.0,4.0,台湾高雄市海域,天然地震
,2025-6-20 03:02:03,104.87,28.33,10.0,3.1,四川宜宾市长宁县,天然地震
,2025-6-19 07:08:02,146.8,42.75,10.0,5.9,日本北海道沿岸远海,天然地震
,2025-6-18 20:05:51,91.38,42.22,23.0,3.6,新疆吐鲁番市鄯善县,天然地震
,2025-6-18 17:49:26,-93.95,14.9,30.0,5.8,墨西哥沿岸近海,天然地震
,2025-6-17 16:34:55,104.99,32.39,8.0,3.0,四川广元市青川县,天然地震
,2025-6-17 06:39:11,104.9,28.24,14.0,3.3,四川宜宾市兴文县,天然地震
,2025-6-16 23:19:04,89.35,34.09,10.0,3.7,西藏那曲市双湖县,天然地震
,2025-6-16 00:35:27,-77.05,-12.15,30.0,5.5,秘鲁沿岸近海,天然地震
,2025-6-15 18:37:48,104.87,28.26,10.0,4.8,四川宜宾市珙县,天然地震
,2025-6-14 21:59:48,85.14,46.61,16.0,3.0,新疆塔城地区和布克赛尔县,天然地震
,2025-6-14 02:35:15,153.25,46.15,30.0,6.0,千岛群岛以东海域,天然地震
,2025-6-13 16:21:08,97.47,33.62,10.0,3.2,四川甘孜州石渠县,天然地震
,2025-6-12 19:33:50,92.74,27.59,10.0,3.5,西藏山南市错那市,天然地震
,2025-6-12 17:15:45,113.34,40.38,11.0,3.4,内蒙古乌兰察布市丰镇市,天然地震
,2025-6-12 00:01:03,121.62,23.42,25.0,4.0,台湾花莲县海域,天然地震
,2025-6-11 23:49:30,104.67,29.96,15.0,3.2,四川资阳市雁江区,天然地震
,2025-6-11 19:00:27,121.72,23.33,20.0,5.8,台湾台东县海域,天然地震
,2025-6-11 12:10:22,82.09,43.38,20.0,3.3,新疆伊犁州巩留县,天然地震
,2025-6-10 10:05:39,86.97,29.27,10.0,3.4,西藏日喀则市昂仁县,天然地震
,2025-6-10 06:59:07,75.33,39.87,14.0,3.3,新疆克孜勒苏州乌恰县,天然地震
,2025-6-10 06:57:57,75.34,39.86,23.0,3.7,新疆克孜勒苏州乌恰县,天然地震
,2025-6-09 05:15:04,115.7,-47.7,10.0,5.9,西印度洋,天然地震
,2025-6-08 21:08:06,-73.25,4.6,10.0,6.3,哥伦比亚,天然地震
,2025-6-08 07:20:44,115.85,-47.7,10.0,6.2,西印度洋,天然地震
,2025-6-07 11:33:50,75.13,41.07,10.0,4.5,吉尔吉斯斯坦,天然地震
,2025-6-07 03:28:29,-177.75,-22.05,360.0,5.8,斐济群岛以南海域,天然地震
,2025-6-07 01:15:05,-70.1,-26.65,70.0,6.4,智利北部,天然地震
,2025-6-06 04:50:13,89.63,34.24,10.0,3.4,西藏那曲市安多县,天然地震
,2025-6-05 05:29:38,75.67,38.12,125.0,3.0,新疆克孜勒苏州阿克陶县,天然地震
,2025-6-05 04:31:51,100.03,26.26,10.0,5.0,云南大理州洱源县,天然地震
,2025-6-05 02:07:23,100.02,26.27,10.0,3.0,云南大理州洱源县,天然地震
,2025-6-04 07:13:07,81.79,33.45,10.0,4.0,西藏阿里地区日土县,天然地震
,2025-6-03 21:28:54,99.54,21.23,10.0,4.1,缅甸,天然地震
,2025-6-03 09:44:30,89.37,33.65,10.0,3.4,西藏那曲市双湖县,天然地震
,2025-6-03 07:17:27,28.2,36.55,80.0,5.8,爱琴海,天然地震
,2025-6-02 21:20:12,106.91,24.5,10.0,4.1,广西河池市凤山县,天然地震
,2025-6-02 12:32:57,89.36,33.63,10.0,3.6,西藏那曲市双湖县,天然地震
,2025-6-02 11:49:34,97.37,32.0,10.0,3.8,西藏昌都市卡若区,天然地震
,2025-6-02 02:51:55,143.75,41.8,55.0,5.9,日本北海道附近海域,天然地震
,2025-6-01 23:23:20,83.69,41.28,12.0,3.0,新疆阿克苏地区库车市,天然地震
,2025-6-01 16:02:02,103.44,30.86,12.0,3.9,四川成都市崇州市,天然地震
,2025-6-01 15:48:40,101.14,22.42,10.0,3.6,云南西双版纳州景洪市,天然地震
,2025-6-01 05:29:24,103.21,30.93,18.0,3.3,四川阿坝州汶川县,天然地震
,2025-5-31 16:37:16,144.5,42.25,20.0,6.0,日本北海道附近海域,天然地震
,2025-5-31 16:28:49,81.2,42.14,10.0,3.9,新疆阿克苏地区拜城县,天然地震
,2025-5-31 14:17:21,104.78,28.4,11.0,3.8,四川宜宾市珙县,天然地震
,2025-5-30 17:18:21,118.51,39.76,12.0,3.2,河北唐山市古冶区,天然地震
,2025-5-30 07:17:24,87.04,44.1,10.0,3.2,新疆昌吉州昌吉市,天然地震
,2025-5-30 02:21:34,114.68,23.72,10.0,3.0,广东河源市源城区,天然地震
,2025-5-29 13:17:07,114.69,23.71,11.0,3.5,广东河源市源城区,天然地震
,2025-5-28 21:34:11,145.15,13.0,20.0,5.6,马里亚纳群岛以南海域,天然地震
,2025-5-28 16:57:48,167.3,-14.2,200.0,5.9,瓦努阿图群岛,天然地震
,2025-5-28 13:48:12,83.73,41.26,17.0,3.2,新疆阿克苏地区库车市,天然地震
,2025-5-28 09:12:57,98.78,29.3,10.0,3.0,西藏昌都市芒康县,天然地震
,2025-5-28 07:21:23,99.41,24.16,10.0,3.2,云南临沧市永德县,天然地震
,2025-5-28 00:46:02,80.7,34.65,10.0,3.3,西藏阿里地区日土县,天然地震
,2025-5-27 23:27:10,80.66,34.58,10.0,3.1,西藏阿里地区日土县,天然地震
,2025-5-27 11:40:06,80.62,42.23,10.0,3.0,新疆阿克苏地区温宿县,天然地震
,2025-5-26 11:50:20,-69.6,-19.6,100.0,5.7,智利北部,天然地震
,2025-5-25 18:49:51,-175.6,-22.75,10.0,5.5,斐济群岛以南海域,天然地震
,2025-5-24 00:33:23,147.55,-56.6,10.0,6.1,麦夸里岛以西海域,天然地震
,2025-5-23 11:57:21,87.03,29.03,10.0,3.2,西藏日喀则市定日县,天然地震
,2025-5-23 03:52:35,102.0,-4.45,40.0,5.8,印尼苏门答腊岛西南部海域,天然地震
,2025-5-22 17:21:03,98.92,30.9,8.0,3.0,四川甘孜州白玉县,天然地震
,2025-5-22 11:19:35,25.8,35.7,70.0,6.2,爱琴海,天然地震
,2025-5-22 07:16:51,104.8,34.42,10.0,3.3,甘肃定西市岷县,天然地震
,2025-5-22 00:50:20,104.55,28.34,10.0,3.7,四川宜宾市高县,天然地震
,2025-5-21 02:53:39,97.32,32.01,10.0,3.2,西藏昌都市卡若区,天然地震
,2025-5-21 00:29:52,102.96,27.14,17.0,3.4,云南昭通市巧家县,天然地震
,2025-5-20 23:06:00,144.85,-3.8,10.0,6.5,巴布亚新几内亚附近海域,天然地震
,2025-5-20 02:03:14,88.22,41.74,10.0,4.6,新疆巴音郭楞州和硕县,天然地震
,2025-5-20 00:41:12,84.01,41.28,10.0,3.0,新疆阿克苏地区库车市,天然地震
,2025-5-19 20:00:06,87.46,28.42,10.0,3.3,西藏日喀则市定日县,天然地震
,2025-5-19 12:58:35,101.2,32.8,15.0,3.0,青海果洛州班玛县,天然地震
,2025-5-19 01:30:30,90.38,33.83,10.0,4.2,青海海西州唐古拉地区,天然地震
,2025-5-18 07:36:31,95.82,28.92,10.0,3.1,西藏林芝市墨脱县,天然地震
,2025-5-17 23:54:49,96.05,21.3,10.0,5.0,缅甸,天然地震
,2025-5-17 18:22:13,-74.3,-14.7,100.0,6.0,秘鲁,天然地震
,2025-5-16 19:37:10,82.93,39.7,12.0,3.6,新疆阿克苏地区沙雅县,天然地震
,2025-5-16 09:00:07,98.13,25.12,10.0,4.5,云南德宏州盈江县,天然地震
,2025-5-15 22:33:02,118.5,23.36,9.0,3.0,台湾海峡,天然地震
,2025-5-14 12:15:37,-175.1,-18.7,240.0,6.4,汤加群岛,天然地震
,2025-5-14 12:14:22,87.03,29.03,10.0,3.1,西藏日喀则市定日县,天然地震
,2025-5-14 06:51:14,27.1,35.2,70.0,6.0,希腊克里特岛附近海域,天然地震
,2025-5-13 08:01:55,98.96,30.84,9.0,3.9,四川甘孜州白玉县,天然地震
,2025-5-12 06:33:18,78.88,41.4,10.0,3.0,新疆阿克苏地区乌什县,天然地震
,2025-5-12 05:50:01,178.55,62.8,30.0,5.0,俄罗斯西伯利亚东部,天然地震
,2025-5-12 05:11:21,87.54,28.91,10.0,5.5,西藏日喀则市拉孜县,天然地震
,2025-5-12 00:31:49,83.28,41.32,15.0,3.0,新疆阿克苏地区库车市,天然地震
,2025-5-11 19:22:22,168.2,-17.55,60.0,5.7,瓦努阿图群岛,天然地震
,2025-5-11 16:57:42,96.95,3.7,80.0,5.9,印尼苏门答腊岛,天然地震
,2025-5-11 16:09:14,78.08,40.9,10.0,3.6,新疆克孜勒苏州阿合奇县,天然地震
,2025-5-10 09:33:07,86.47,34.11,10.0,3.4,西藏那曲市尼玛县,天然地震
,2025-5-10 00:38:53,83.72,41.19,15.0,3.1,新疆阿克苏地区库车市,天然地震
,2025-5-09 14:25:50,89.05,41.86,15.0,3.4,新疆吐鲁番市托克逊县,天然地震
,2025-5-09 09:41:56,93.19,34.46,10.0,3.3,青海玉树州治多县,天然地震
,2025-5-09 05:51:50,81.69,41.8,16.0,3.4,新疆阿克苏地区拜城县,天然地震
,2025-5-08 22:48:35,87.02,29.02,10.0,3.0,西藏日喀则市定日县,天然地震
,2025-5-07 03:43:29,83.75,41.13,8.0,3.1,新疆阿克苏地区库车市,天然地震
,2025-5-06 16:08:26,73.43,39.32,10.0,4.5,塔吉克斯坦,天然地震
,2025-5-05 18:53:27,121.94,23.87,15.0,5.7,台湾花莲县海域,天然地震
,2025-5-05 18:10:01,121.94,23.89,16.0,4.9,台湾花莲县海域,天然地震
,2025-5-05 16:28:14,-92.65,16.5,260.0,5.8,墨西哥,天然地震
,2025-5-04 14:45:43,82.35,41.91,10.0,3.8,新疆阿克苏地区拜城县,天然地震
,2025-5-03 21:31:44,87.46,28.6,10.0,3.0,西藏日喀则市定日县,天然地震
,2025-5-03 20:51:45,121.7,0.4,120.0,5.7,印尼托米尼湾,天然地震
,2025-5-03 15:54:05,81.92,33.6,10.0,3.2,西藏阿里地区日土县,天然地震
,2025-5-03 01:59:09,-67.1,-57.2,10.0,6.4,德雷克海峡,天然地震
,2025-5-02 20:58:25,-68.25,-56.8,10.0,7.4,德雷克海峡,天然地震
,2025-5-02 18:59:22,156.15,-7.3,30.0,5.3,所罗门群岛,天然地震
,2025-5-02 00:04:55,-67.35,-28.55,30.0,5.6,阿根廷,天然地震
,2025-4-30 00:41:34,83.75,41.14,13.0,3.2,新疆阿克苏地区库车市,天然地震
,2025-4-29 22:53:37,155.4,-54.2,10.0,6.7,麦夸里岛附近海域,天然地震
,2025-4-29 21:16:33,165.25,-48.4,10.0,6.2,新西兰南岛西岸远海,天然地震
,2025-4-29 16:20:32,81.92,33.62,10.0,3.8,西藏阿里地区日土县,天然地震
,2025-4-29 16:17:23,81.93,33.58,10.0,4.8,西藏阿里地区日土县,天然地震
,2025-4-28 19:27:57,80.13,36.89,18.0,3.2,新疆和田地区洛浦县,天然地震
,2025-4-28 19:00:10,87.04,29.02,10.0,3.9,西藏日喀则市定日县,天然地震
,2025-4-28 13:08:14,105.49,32.76,14.0,4.1,四川广元市青川县,天然地震
,2025-4-27 17:22:41,147.3,-56.3,10.0,5.9,麦夸里岛以西,天然地震
,2025-4-27 06:39:04,84.09,40.9,20.0,4.0,新疆巴音郭楞州尉犁县,天然地震
,2025-4-27 00:27:59,102.18,37.93,8.0,3.0,甘肃武威市凉州区,天然地震
,2025-4-26 12:39:29,98.91,30.85,10.0,3.0,四川甘孜州白玉县,天然地震
,2025-4-26 12:21:45,98.95,30.87,10.0,4.9,四川甘孜州白玉县,天然地震
,2025-4-25 19:44:51,-79.5,1.0,20.0,6.3,厄瓜多尔沿岸近海,天然地震
,2025-4-25 15:45:23,100.02,26.28,10.0,3.0,云南大理州洱源县,天然地震
,2025-4-24 00:08:59,100.0,26.27,10.0,4.8,云南大理州洱源县,天然地震
,2025-4-23 20:54:19,87.05,29.04,10.0,3.4,西藏日喀则市定日县,天然地震
,2025-4-23 19:56:41,100.01,26.29,8.0,3.0,云南大理州洱源县,天然地震
,2025-4-23 18:44:08,100.02,26.27,9.0,3.2,云南大理州洱源县,天然地震
,2025-4-23 17:49:09,28.15,40.85,10.0,6.2,土耳其,天然地震
,2025-4-23 00:55:34,167.05,-13.15,210.0,5.7,瓦努阿图群岛,天然地震
,2025-4-22 21:29:09,147.0,-5.4,200.0,5.7,巴布亚新几内亚附近海域,天然地震
,2025-4-22 18:17:14,127.7,4.55,140.0,6.2,印尼塔劳群岛,天然地震
,2025-4-22 15:28:02,93.77,29.13,10.0,3.3,西藏林芝市米林市,天然地震
,2025-4-22 09:30:02,82.58,45.47,20.0,3.7,新疆塔城地区裕民县,天然地震
,2025-4-21 09:07:49,93.46,32.56,10.0,4.6,青海玉树州杂多县,天然地震
,2025-4-21 08:03:21,86.99,29.27,10.0,3.6,西藏日喀则市昂仁县,天然地震
,2025-4-20 23:48:39,81.19,42.16,10.0,3.3,新疆阿克苏地区拜城县,天然地震
,2025-4-20 04:27:27,102.95,37.27,10.0,3.0,甘肃武威市古浪县,天然地震
,2025-4-20 00:11:17,124.2,5.85,20.0,5.6,菲律宾群岛地区,天然地震
,2025-4-19 16:35:06,83.7,40.6,15.0,3.9,新疆阿克苏地区沙雅县,天然地震
,2025-4-19 14:47:54,71.35,36.05,150.0,5.9,巴基斯坦,天然地震
,2025-4-19 13:10:39,77.15,40.63,10.0,3.0,新疆克孜勒苏州阿合奇县,天然地震
,2025-4-19 05:37:30,78.74,40.75,10.0,3.2,新疆阿克苏地区柯坪县,天然地震
,2025-4-17 08:53:08,81.04,35.12,10.0,3.7,西藏阿里地区日土县,天然地震
,2025-4-17 06:46:19,104.85,29.5,10.0,3.8,四川内江市市中区,天然地震
,2025-4-17 03:34:40,102.94,37.27,10.0,3.0,甘肃武威市古浪县,天然地震
,2025-4-17 03:21:01,86.45,34.07,10.0,3.9,西藏那曲市尼玛县,天然地震
,2025-4-16 14:41:25,87.04,29.02,10.0,3.1,西藏日喀则市定日县,天然地震
,2025-4-16 09:43:00,99.6,-47.85,10.0,6.0,东南印度洋海岭,天然地震
,2025-4-16 07:13:58,70.6,35.8,150.0,5.7,阿富汗,天然地震
,2025-4-16 02:05:33,115.85,22.83,17.0,3.0,广东汕尾市陆丰市,天然地震
,2025-4-15 00:18:27,93.48,32.53,10.0,3.3,青海玉树州杂多县,天然地震
,2025-4-14 19:43:32,83.09,41.01,18.0,3.1,新疆阿克苏地区沙雅县,天然地震
,2025-4-14 04:03:22,-178.35,-25.75,270.0,6.4,斐济群岛以南海域,天然地震
,2025-4-13 23:17:05,93.51,31.18,10.0,3.3,西藏那曲市比如县,天然地震
,2025-4-13 21:45:55,93.53,31.15,10.0,3.8,西藏那曲市比如县,天然地震
,2025-4-13 17:13:33,149.95,48.6,360.0,5.8,鄂霍次克海,天然地震
,2025-4-13 12:24:04,70.65,39.25,10.0,5.8,塔吉克斯坦,天然地震
,2025-4-13 10:24:58,95.95,21.0,20.0,5.4,缅甸,天然地震
,2025-4-12 16:34:02,104.8,29.64,8.0,3.1,四川内江市资中县,天然地震
,2025-4-12 16:08:28,88.68,43.19,10.0,3.6,新疆吐鲁番市高昌区,天然地震
,2025-4-12 13:00:08,89.2,44.19,10.0,3.2,新疆昌吉州吉木萨尔县,天然地震
,2025-4-12 11:47:10,152.9,-4.8,50.0,6.0,巴布亚新几内亚附近海域,天然地震
,2025-4-11 17:57:25,87.46,28.44,10.0,3.9,西藏日喀则市定日县,天然地震
,2025-4-11 07:59:19,122.59,23.98,15.0,4.1,台湾花莲县海域,天然地震
,2025-4-10 21:35:21,78.06,36.23,79.0,3.9,新疆和田地区皮山县,天然地震
,2025-4-10 19:15:27,96.0,33.33,10.0,3.2,青海玉树州玉树市,天然地震
,2025-4-10 15:53:24,138.7,-6.05,50.0,5.4,印尼巴布亚省,天然地震
,2025-4-10 13:12:33,86.62,28.67,10.0,3.1,西藏日喀则市定日县,天然地震
,2025-4-10 12:09:09,77.67,40.23,19.0,3.1,新疆克孜勒苏州阿图什市,天然地震
,2025-4-09 23:51:31,89.14,44.23,11.0,3.3,新疆昌吉州吉木萨尔县,天然地震
,2025-4-09 19:29:30,103.72,34.01,9.0,3.0,甘肃甘南州迭部县,天然地震
,2025-4-09 09:53:27,121.66,24.67,33.0,4.6,台湾宜兰县,天然地震
,2025-4-08 18:00:31,89.15,44.19,10.0,3.3,新疆昌吉州吉木萨尔县,天然地震
,2025-4-08 16:19:05,118.86,39.99,10.0,3.7,河北唐山市迁安市,天然地震
,2025-4-08 03:49:19,96.75,2.1,30.0,5.7,印尼苏门答腊岛北部海域,天然地震
,2025-4-05 07:38:12,87.51,28.91,10.0,3.2,西藏日喀则市拉孜县,天然地震
,2025-4-05 04:04:40,151.65,-6.15,20.0,7.0,巴布亚新几内亚附近海域,天然地震
,2025-4-03 22:09:31,-31.95,52.7,10.0,6.6,大西洋雷克雅内斯海岭,天然地震
,2025-4-03 11:46:58,120.27,23.28,20.0,4.2,台湾台南市,天然地震
,2025-4-03 11:28:00,100.0,32.94,10.0,3.1,四川甘孜州色达县,天然地震
,2025-4-03 09:53:18,113.16,39.81,15.0,3.6,山西朔州市怀仁市,天然地震
,2025-4-03 05:03:39,126.85,2.15,40.0,5.9,印尼马鲁古海北部,天然地震
,2025-4-02 22:04:00,131.5,31.15,30.0,6.2,日本九州岛附近海域,天然地震
,2025-4-02 15:18:20,83.69,40.63,18.0,3.6,新疆阿克苏地区沙雅县,天然地震
,2025-4-02 08:19:19,87.32,28.28,10.0,3.7,西藏日喀则市定日县,天然地震
,2025-4-02 08:11:13,87.33,28.29,10.0,3.2,西藏日喀则市定日县,天然地震
,2025-4-01 18:15:55,128.55,-7.6,140.0,5.7,印尼班达海,天然地震
,2025-4-01 02:13:49,98.38,24.33,10.0,3.2,云南德宏州芒市,天然地震
,2025-3-31 23:54:19,119.05,-10.3,30.0,5.7,印尼松巴哇岛南部海域,天然地震
,2025-3-31 20:24:11,83.48,41.38,15.0,3.4,新疆阿克苏地区库车市,天然地震
,2025-3-31 10:46:06,83.47,41.35,11.0,3.2,新疆阿克苏地区库车市,天然地震
,2025-3-31 05:44:09,90.21,29.97,30.0,3.8,西藏拉萨市当雄县,天然地震
,2025-3-30 23:04:57,-173.85,-20.3,10.0,5.8,汤加群岛,天然地震
,2025-3-30 20:46:58,110.98,22.13,10.0,3.0,广东茂名市高州市,天然地震
,2025-3-30 20:24:53,83.76,41.33,10.0,3.7,新疆阿克苏地区库车市,天然地震
,2025-3-30 20:18:43,-173.75,-20.3,10.0,7.3,汤加群岛,天然地震
,2025-3-29 18:50:06,103.42,27.0,10.0,4.4,云南曲靖市会泽县,天然地震
,2025-3-28 19:56:37,87.78,34.75,10.0,3.1,西藏那曲市双湖县,天然地震
,2025-3-28 17:48:16,98.72,23.8,10.0,3.0,云南临沧市镇康县,天然地震
,2025-3-28 17:45:04,98.72,23.8,10.0,3.0,云南临沧市镇康县,天然地震
,2025-3-28 14:32:07,95.95,21.6,30.0,6.4,缅甸,天然地震
,2025-3-28 14:20:56,95.95,21.85,30.0,7.9,缅甸,天然地震
,2025-3-28 08:34:20,-29.7,0.8,10.0,6.0,中大西洋海岭中部,天然地震
,2025-3-27 13:22:44,121.44,45.88,20.0,3.2,内蒙古兴安盟突泉县,天然地震
,2025-3-26 20:42:11,86.68,28.74,10.0,3.4,西藏日喀则市定日县,天然地震
,2025-3-26 14:09:09,87.53,28.41,10.0,3.0,西藏日喀则市定日县,天然地震
,2025-3-26 05:50:18,84.13,40.88,18.0,3.8,新疆巴音郭楞州尉犁县,天然地震
,2025-3-26 01:21:13,116.6,39.42,20.0,4.2,河北廊坊市永清县,天然地震
,2025-3-25 16:15:11,83.79,41.19,21.0,3.2,新疆阿克苏地区库车市,天然地震
,2025-3-25 13:49:00,101.64,23.14,10.0,3.8,云南普洱市墨江县,天然地震
,2025-3-25 09:43:10,166.05,-46.65,10.0,6.8,新西兰南岛西岸远海,天然地震
,2025-3-25 09:40:48,121.67,23.96,30.0,4.2,台湾花莲县海域,天然地震
,2025-3-24 19:21:37,105.18,28.03,8.0,4.9,四川泸州市叙永县,天然地震
,2025-3-24 12:42:59,93.77,29.1,10.0,3.3,西藏林芝市米林市,天然地震
,2025-3-24 12:38:30,93.74,29.15,10.0,4.1,西藏林芝市米林市,天然地震
,2025-3-24 02:43:58,93.3,41.18,10.0,3.1,新疆哈密市伊州区,天然地震
,2025-3-23 06:14:25,125.0,25.45,130.0,5.2,先岛诸岛,天然地震
,2025-3-22 21:41:05,88.05,32.28,10.0,3.2,西藏那曲市双湖县,天然地震
,2025-3-22 17:49:31,-176.1,51.45,90.0,5.6,安德烈亚诺夫群岛,天然地震
,2025-3-22 14:05:37,125.96,42.27,15.0,3.3,吉林通化市柳河县,天然地震
,2025-3-21 22:58:27,-176.3,51.45,10.0,5.5,安德烈亚诺夫群岛,天然地震
,2025-3-21 22:53:42,-176.35,51.3,10.0,6.2,安德烈亚诺夫群岛,天然地震
,2025-3-21 22:50:55,-82.45,6.85,10.0,6.2,巴拿马以南海域,天然地震
,2025-3-20 03:35:34,103.42,27.01,10.0,3.0,云南昭通市巧家县,天然地震
,2025-3-18 19:21:53,104.59,29.64,8.0,3.4,四川内江市威远县,天然地震
,2025-3-18 19:20:44,104.62,29.67,8.0,3.9,四川内江市威远县,天然地震
,2025-3-18 15:19:05,103.44,31.22,10.0,3.1,四川阿坝州汶川县,天然地震
,2025-3-18 06:23:40,99.15,1.95,50.0,5.4,印尼苏门答腊岛,天然地震
,2025-3-18 04:52:21,83.25,44.42,19.0,3.4,新疆博尔塔拉州精河县,天然地震
,2025-3-18 01:32:17,130.15,-2.8,10.0,5.8,印尼塞兰岛附近海域,天然地震
,2025-3-18 00:35:05,75.71,38.13,114.0,3.0,新疆克孜勒苏州阿克陶县,天然地震
,2025-3-17 21:29:57,108.4,30.24,8.0,3.0,重庆石柱县,天然地震
,2025-3-17 05:25:49,98.78,33.26,10.0,3.6,四川甘孜州石渠县,天然地震
,2025-3-15 22:43:28,83.99,40.71,15.0,3.1,新疆阿克苏地区沙雅县,天然地震
,2025-3-15 11:19:26,-97.4,17.6,60.0,5.5,墨西哥,天然地震
,2025-3-15 07:42:35,-26.9,-55.5,40.0,5.9,南桑威奇群岛,天然地震
,2025-3-14 20:49:50,83.83,34.55,10.0,3.5,西藏阿里地区改则县,天然地震
,2025-3-14 09:26:41,75.72,38.28,148.0,3.6,新疆克孜勒苏州阿克陶县,天然地震
,2025-3-14 08:31:21,92.22,27.08,10.0,3.3,西藏山南市错那市,天然地震
,2025-3-13 16:37:16,87.51,28.96,10.0,3.4,西藏日喀则市拉孜县,天然地震
,2025-3-13 13:09:37,121.55,23.07,15.0,5.0,台湾台东县海域,天然地震
,2025-3-13 04:12:16,87.47,28.5,10.0,3.3,西藏日喀则市定日县,天然地震
,2025-3-12 13:42:09,92.45,6.9,10.0,5.7,印度尼科巴群岛地区,天然地震
,2025-3-11 22:08:08,-70.6,-10.5,670.0,5.7,巴西,天然地震
,2025-3-11 15:09:00,87.54,28.74,10.0,3.2,西藏日喀则市定日县,天然地震
,2025-3-10 10:33:13,-8.1,71.3,10.0,6.7,挪威扬马延岛地区,天然地震
,2025-3-09 20:35:33,84.07,41.25,15.0,3.0,新疆巴音郭楞州轮台县,天然地震
,2025-3-09 20:17:47,83.02,40.01,10.0,3.0,新疆阿克苏地区沙雅县,天然地震
,2025-3-09 19:54:04,103.63,31.26,15.0,3.4,四川成都市都江堰市,天然地震
,2025-3-09 07:42:54,130.3,28.7,10.0,5.6,琉球群岛,天然地震
,2025-3-09 05:00:08,87.58,28.35,10.0,3.6,西藏日喀则市定结县,天然地震
,2025-3-09 02:54:04,130.35,28.7,10.0,5.6,琉球群岛,天然地震
,2025-3-08 17:19:53,87.5,28.4,10.0,3.0,西藏日喀则市定日县,天然地震
,2025-3-08 16:50:15,87.51,28.38,10.0,4.7,西藏日喀则市定日县,天然地震
,2025-3-07 17:04:55,115.44,35.75,14.0,3.0,河南濮阳市范县,天然地震
,2025-3-07 02:41:38,83.75,41.15,15.0,3.4,新疆阿克苏地区库车市,天然地震
,2025-3-07 00:21:37,-68.75,-23.5,100.0,6.0,智利北部,天然地震
,2025-3-05 21:27:39,120.48,23.16,20.0,4.5,台湾台南市,天然地震
,2025-3-05 18:53:38,82.54,42.0,17.0,4.5,新疆阿克苏地区拜城县,天然地震
,2025-3-05 13:36:34,94.5,24.45,30.0,5.4,缅甸,天然地震
,2025-3-04 16:16:46,118.45,39.77,11.0,3.0,河北唐山市古冶区,天然地震
,2025-3-03 20:53:58,98.35,39.56,16.0,3.0,甘肃酒泉市肃州区,天然地震
,2025-3-02 18:58:24,104.91,28.33,8.0,3.2,四川宜宾市长宁县,天然地震
,2025-3-02 16:14:55,39.9,14.2,10.0,5.2,埃塞俄比亚,天然地震
,2025-3-02 14:23:29,104.91,28.33,12.0,3.8,四川宜宾市长宁县,天然地震
,2025-3-01 20:43:32,98.35,39.57,16.0,3.0,甘肃酒泉市肃州区,天然地震
,2025-3-01 13:38:50,87.45,28.51,10.0,3.4,西藏日喀则市定日县,天然地震
,2025-2-28 23:37:59,99.96,25.14,10.0,3.0,云南保山市昌宁县,天然地震
,2025-2-28 18:05:42,92.76,27.53,10.0,3.4,西藏山南市错那市,天然地震
,2025-2-28 17:30:15,103.48,23.2,10.0,3.0,云南红河州蒙自市,天然地震
,2025-2-28 05:06:13,85.95,27.9,10.0,4.9,尼泊尔,天然地震
,2025-2-27 17:18:14,96.56,28.56,10.0,3.2,西藏林芝市察隅县,天然地震
,2025-2-27 15:38:14,82.48,42.0,20.0,3.9,新疆阿克苏地区拜城县,天然地震
,2025-2-27 15:26:59,82.5,42.02,19.0,3.7,新疆阿克苏地区拜城县,天然地震
,2025-2-27 03:37:23,98.33,39.53,14.0,3.2,甘肃张掖市肃南县,天然地震
,2025-2-27 00:15:30,164.65,55.4,10.0,5.8,堪察加东岸远海,天然地震
,2025-2-26 19:15:34,87.5,28.42,10.0,3.0,西藏日喀则市定日县,天然地震
,2025-2-26 13:53:24,136.4,33.5,400.0,5.8,日本本州南岸近海,天然地震
,2025-2-26 06:55:50,124.85,0.35,20.0,6.1,印尼马鲁古海,天然地震
,2025-2-26 00:15:02,87.63,28.41,10.0,3.1,西藏日喀则市定日县,天然地震
,2025-2-25 21:54:55,87.63,28.41,10.0,3.1,西藏日喀则市定结县,天然地震
,2025-2-25 16:13:17,83.84,41.45,10.0,3.4,新疆阿克苏地区库车市,天然地震
,2025-2-25 13:37:33,-129.65,50.25,10.0,5.3,加拿大温哥华岛地区,天然地震
,2025-2-25 06:29:23,85.62,42.16,25.0,3.0,新疆巴音郭楞州焉耆县,天然地震
,2025-2-25 05:43:22,83.91,40.79,17.0,3.1,新疆阿克苏地区沙雅县,天然地震
,2025-2-24 19:38:14,101.53,22.42,12.0,3.0,云南普洱市江城县,天然地震
,2025-2-24 02:16:23,166.25,-11.25,80.0,6.2,所罗门群岛,天然地震
,2025-2-23 17:54:31,101.88,29.48,10.0,3.2,四川甘孜州康定市,天然地震
,2025-2-22 13:26:27,101.14,29.74,10.0,3.6,四川甘孜州雅江县,天然地震
,2025-2-22 02:41:41,115.4,35.74,16.0,3.6,河南濮阳市范县,天然地震
,2025-2-21 18:11:45,87.46,28.46,10.0,3.7,西藏日喀则市定日县,天然地震
,2025-2-21 16:51:20,82.86,41.01,20.0,3.4,新疆阿克苏地区沙雅县,天然地震
,2025-2-21 07:16:50,120.16,32.73,9.0,3.7,江苏泰州市兴化市,天然地震
,2025-2-20 20:04:37,106.24,38.44,15.0,4.2,宁夏银川市金凤区,天然地震
,2025-2-19 07:39:13,131.0,-3.4,30.0,5.7,印尼塞兰岛附近海域,天然地震
,2025-2-18 13:02:39,107.2,24.34,10.0,3.0,广西河池市巴马县,天然地震
,2025-2-17 19:03:27,104.66,30.46,22.0,3.0,四川成都市简阳市,天然地震
,2025-2-16 11:28:55,87.52,28.87,10.0,3.8,西藏日喀则市拉孜县,天然地震
,2025-2-15 09:48:12,88.26,49.97,20.0,5.8,俄罗斯西伯利亚西部,天然地震
,2025-2-15 04:28:21,39.9,8.9,10.0,5.8,埃塞俄比亚,天然地震
,2025-2-14 07:59:26,-155.2,55.8,10.0,5.8,美国阿拉斯加州以南,天然地震
,2025-2-12 01:10:23,89.15,33.81,10.0,3.9,西藏那曲市双湖县,天然地震
,2025-2-11 17:46:59,83.72,41.17,15.0,3.0,新疆阿克苏地区库车市,天然地震
,2025-2-10 17:52:23,122.9,49.78,15.0,3.2,内蒙古呼伦贝尔市鄂伦春旗,天然地震
,2025-2-10 08:09:44,167.9,-17.35,15.0,5.9,瓦努阿图群岛,天然地震
,2025-2-09 23:23:32,87.55,28.26,10.0,3.2,西藏日喀则市定结县,天然地震
,2025-2-09 23:07:22,100.04,39.07,10.0,3.1,甘肃张掖市临泽县,天然地震
,2025-2-09 15:36:58,86.63,29.05,10.0,3.1,西藏日喀则市昂仁县,天然地震
,2025-2-09 07:23:13,-82.45,17.75,10.0,7.6,洪都拉斯以北,天然地震
,2025-2-09 07:00:54,120.17,32.72,8.0,3.0,江苏泰州市兴化市,天然地震
,2025-2-09 06:16:31,117.64,49.55,10.0,3.1,内蒙古呼伦贝尔市满洲里市,天然地震
,2025-2-09 00:12:33,83.44,41.06,20.0,3.6,新疆阿克苏地区沙雅县,天然地震
,2025-2-08 11:53:58,101.19,39.11,15.0,3.3,内蒙古阿拉善盟阿拉善右旗,天然地震
,2025-2-08 00:46:59,120.57,23.29,10.0,4.2,台湾嘉义县,天然地震
,2025-2-08 00:35:33,103.6,22.88,10.0,3.2,云南红河州河口县,天然地震
,2025-2-07 20:57:54,89.53,41.98,12.0,3.2,新疆吐鲁番市高昌区,天然地震
,2025-2-07 18:27:04,-176.2,-23.6,100.0,5.9,斐济群岛以南,天然地震
,2025-2-07 12:31:58,97.65,-9.5,10.0,5.7,南印度洋,天然地震
,2025-2-06 22:25:31,105.49,28.0,11.0,3.3,四川泸州市叙永县,天然地震
,2025-2-06 16:21:13,92.91,33.53,10.0,3.1,青海玉树州杂多县,天然地震
,2025-2-06 14:21:24,83.78,41.16,16.0,3.0,新疆阿克苏地区库车市,天然地震
,2025-2-05 11:12:29,127.1,1.75,80.0,5.7,印尼马鲁古海北部,天然地震
,2025-2-05 08:53:22,83.77,41.21,10.0,3.8,新疆阿克苏地区库车市,天然地震
,2025-2-05 07:42:33,83.74,41.23,10.0,5.0,新疆阿克苏地区库车市,天然地震
,2025-2-05 04:00:07,76.27,38.39,10.0,4.1,新疆克孜勒苏州阿克陶县,天然地震
,2025-2-05 03:59:14,76.3,38.38,10.0,3.4,新疆克孜勒苏州阿克陶县,天然地震
,2025-2-04 05:35:53,128.14,2.95,110.0,5.9,印尼马鲁古海北部,天然地震
,2025-2-04 04:33:02,77.84,40.78,15.0,3.2,新疆克孜勒苏州阿合奇县,天然地震
,2025-2-03 02:03:35,88.43,43.59,30.0,3.0,新疆乌鲁木齐市达坂城区,天然地震
,2025-2-02 15:17:14,87.52,28.43,10.0,3.2,西藏日喀则市定日县,天然地震
,2025-2-01 10:05:02,78.51,41.05,9.0,3.2,新疆克孜勒苏州阿合奇县,天然地震
,2025-1-30 15:16:17,120.52,23.28,10.0,4.2,台湾台南市,天然地震
,2025-1-30 12:28:00,89.14,33.79,10.0,3.9,西藏那曲市双湖县,天然地震
,2025-1-30 10:11:55,120.57,23.25,10.0,5.2,台湾嘉义县,天然地震
,2025-1-28 14:52:34,-176.1,-28.2,10.0,5.8,新西兰克马德克群岛地区,天然地震
,2025-1-28 13:05:40,89.77,35.23,10.0,4.0,西藏那曲市安多县,天然地震
,2025-1-28 12:16:08,83.44,41.34,8.0,3.9,新疆阿克苏地区库车市,天然地震
,2025-1-28 07:59:38,129.18,48.46,10.0,3.3,黑龙江伊春市汤旺县,天然地震
,2025-1-28 02:33:35,104.02,29.53,8.0,3.0,四川乐山市井研县,天然地震
,2025-1-27 17:33:36,87.42,28.55,10.0,4.1,西藏日喀则市定日县,天然地震
,2025-1-27 10:09:35,78.67,40.83,10.0,3.0,新疆克孜勒苏州阿合奇县,天然地震
,2025-1-27 08:18:50,121.1,22.75,10.0,4.7,台湾台东县,天然地震
,2025-1-27 06:39:16,-167.2,53.45,60.0,5.3,福克斯群岛,天然地震
,2025-1-27 05:58:54,117.59,32.01,10.0,3.0,安徽合肥市肥东县,天然地震
,2025-1-26 07:38:54,120.48,23.17,10.0,5.1,台湾台南市,天然地震
,2025-1-26 00:10:51,120.68,22.8,15.0,4.4,台湾屏东县,天然地震
,2025-1-25 22:17:36,103.33,29.4,18.0,3.4,四川乐山市峨眉山市,天然地震
,2025-1-25 19:49:17,120.46,23.31,11.0,5.1,台湾台南市,天然地震
,2025-1-25 16:23:26,104.04,29.53,10.0,4.1,四川乐山市井研县,天然地震
,2025-1-25 13:30:50,101.88,29.47,8.0,3.2,四川甘孜州康定市,天然地震
,2025-1-25 06:01:57,120.48,23.2,21.0,4.3,台湾台南市,天然地震
,2025-1-25 02:26:50,150.95,-3.85,10.0,5.7,巴布亚新几内亚附近海域,天然地震
,2025-1-25 01:51:28,85.04,37.0,10.0,3.1,新疆巴音郭楞州且末县,天然地震
,2025-1-24 23:16:20,117.45,23.33,14.0,3.1,广东汕头市南澳县海域,天然地震
,2025-1-24 19:18:42,120.47,23.18,15.0,4.8,台湾台南市,天然地震
,2025-1-24 13:59:17,87.48,28.78,14.0,3.5,西藏日喀则市定日县,天然地震
,2025-1-23 18:18:27,80.65,35.71,10.0,3.2,新疆和田地区策勒县,天然地震
,2025-1-23 11:45:42,78.87,36.94,15.0,4.1,新疆和田地区皮山县,天然地震
,2025-1-23 07:39:51,125.2,10.0,30.0,5.7,菲律宾棉兰老岛,天然地震
,2025-1-23 05:50:19,104.89,29.59,10.0,4.0,四川内江市市中区,天然地震
,2025-1-22 20:33:40,87.53,28.87,10.0,3.2,西藏日喀则市拉孜县,天然地震
,2025-1-22 19:55:43,121.53,23.78,11.0,4.0,台湾花莲县,天然地震
,2025-1-22 19:30:22,87.48,28.72,10.0,3.3,西藏日喀则市定日县,天然地震
,2025-1-22 06:37:18,89.64,35.71,10.0,3.8,西藏那曲市安多县,天然地震
,2025-1-22 03:42:06,120.64,23.32,12.0,4.1,台湾嘉义县,天然地震
,2025-1-22 02:48:21,120.99,21.18,24.0,4.6,台湾屏东县海域,天然地震
,2025-1-21 18:45:26,104.04,29.54,9.0,3.7,四川乐山市井研县,天然地震
,2025-1-21 08:14:16,87.54,28.28,10.0,4.1,西藏日喀则市定结县,天然地震
,2025-1-21 05:03:10,87.56,28.2,10.0,4.6,西藏日喀则市定结县,天然地震
,2025-1-21 04:05:59,120.52,23.27,17.0,4.0,台湾台南市,天然地震
,2025-1-21 01:42:32,120.52,23.2,14.0,4.3,台湾台南市,天然地震
,2025-1-21 00:29:23,120.5,23.19,15.0,4.0,台湾台南市,天然地震
,2025-1-21 00:26:24,120.45,23.25,15.0,4.3,台湾台南市,天然地震
,2025-1-21 00:17:27,120.51,23.24,14.0,6.2,台湾台南市,天然地震
,2025-1-20 21:59:54,104.88,29.57,10.0,4.4,四川内江市市中区,天然地震
,2025-1-20 21:34:27,87.55,28.29,10.0,3.2,西藏日喀则市定结县,天然地震
,2025-1-20 19:23:07,104.87,29.57,10.0,3.2,四川内江市市中区,天然地震
,2025-1-20 17:45:29,75.73,38.37,145.0,3.0,新疆克孜勒苏州阿克陶县,天然地震
,2025-1-20 07:51:56,83.98,40.95,18.0,4.1,新疆阿克苏地区库车市,天然地震
,2025-1-20 05:07:48,102.64,33.12,8.0,4.9,四川阿坝州红原县,天然地震
,2025-1-20 01:56:43,87.52,28.35,10.0,3.3,西藏日喀则市定结县,天然地震
,2025-1-20 00:48:39,89.75,35.31,10.0,3.1,青海玉树州治多县,天然地震
,2025-1-20 00:04:55,89.97,35.15,10.0,3.8,青海玉树州治多县,天然地震
,2025-1-19 14:30:05,80.38,40.82,21.0,3.1,新疆阿克苏地区阿克苏市,天然地震
,2025-1-19 07:14:27,106.23,38.4,19.0,3.2,宁夏银川市永宁县,天然地震
,2025-1-19 06:14:25,86.74,44.24,26.0,3.4,新疆昌吉州呼图壁县,天然地震
,2025-1-19 00:26:27,87.57,28.36,10.0,4.2,西藏日喀则市定结县,天然地震
,2025-1-18 23:36:51,87.57,28.35,10.0,4.6,西藏日喀则市定结县,天然地震
,2025-1-18 10:56:18,106.24,38.4,15.0,3.2,宁夏银川市永宁县,天然地震
,2025-1-18 04:38:17,75.73,39.99,20.0,3.3,新疆克孜勒苏州乌恰县,天然地震
,2025-1-16 21:32:37,84.0,40.92,15.0,3.0,新疆阿克苏地区库车市,天然地震
,2025-1-16 21:12:30,81.8,33.65,10.0,3.8,西藏阿里地区日土县,天然地震
,2025-1-16 20:51:49,97.51,34.8,10.0,3.0,青海果洛州玛多县,天然地震
,2025-1-16 20:25:43,89.44,33.5,10.0,3.6,西藏那曲市双湖县,天然地震
,2025-1-16 18:52:01,117.61,31.97,12.0,3.7,安徽合肥市肥东县,天然地震
,2025-1-16 13:18:42,87.52,28.91,10.0,3.0,西藏日喀则市拉孜县,天然地震
,2025-1-16 11:19:58,87.5,28.47,10.0,4.4,西藏日喀则市定日县,天然地震
,2025-1-16 10:57:20,87.52,28.88,10.0,3.6,西藏日喀则市拉孜县,天然地震
,2025-1-16 07:07:10,75.65,38.35,134.0,3.8,新疆克孜勒苏州阿克陶县,天然地震
,2025-1-16 04:50:49,87.5,28.8,10.0,3.4,西藏日喀则市定日县,天然地震
,2025-1-15 22:58:33,92.25,29.82,10.0,3.3,西藏拉萨市墨竹工卡县,天然地震
,2025-1-15 19:36:26,83.49,41.04,19.0,3.1,新疆阿克苏地区沙雅县,天然地震
,2025-1-15 01:32:56,105.47,28.03,9.0,3.0,四川泸州市叙永县,天然地震
,2025-1-15 01:12:38,131.9,31.75,10.0,5.3,日本九州岛,天然地震
,2025-1-14 17:55:40,83.59,41.29,15.0,3.6,新疆阿克苏地区库车市,天然地震
,2025-1-14 08:59:15,87.49,28.48,10.0,3.0,西藏日喀则市定日县,天然地震
,2025-1-14 04:14:56,87.63,28.31,10.0,3.2,西藏日喀则市定结县,天然地震
,2025-1-13 23:44:42,87.5,28.47,10.0,4.2,西藏日喀则市定日县,天然地震
,2025-1-13 23:27:44,87.38,28.39,10.0,3.0,西藏日喀则市定日县,天然地震
,2025-1-13 23:19:06,87.53,28.45,10.0,3.8,西藏日喀则市定日县,天然地震
,2025-1-13 22:55:08,87.52,28.41,10.0,3.3,西藏日喀则市定日县,天然地震
,2025-1-13 21:14:54,87.5,28.42,10.0,3.1,西藏日喀则市定日县,天然地震
,2025-1-13 20:58:20,87.52,28.45,10.0,5.0,西藏日喀则市定日县,天然地震
,2025-1-13 20:57:36,87.5,28.42,10.0,4.9,西藏日喀则市定日县,天然地震
,2025-1-13 20:19:32,131.75,31.7,20.0,6.7,日本九州岛附近海域,天然地震
,2025-1-13 20:17:04,87.45,28.71,10.0,3.0,西藏日喀则市定日县,天然地震
,2025-1-12 20:12:28,121.65,23.7,24.0,3.7,台湾花莲县海域,天然地震
,2025-1-12 17:54:00,87.47,28.67,10.0,3.4,西藏日喀则市定日县,天然地震
,2025-1-12 16:32:55,-103.15,18.75,80.0,6.3,墨西哥,天然地震
,2025-1-12 14:51:22,87.46,28.44,10.0,3.1,西藏日喀则市定日县,天然地震
,2025-1-12 09:54:49,115.98,38.58,13.0,3.4,河北沧州市任丘市,天然地震
,2025-1-12 08:00:04,87.38,28.75,10.0,3.1,西藏日喀则市定日县,天然地震
,2025-1-12 05:41:54,106.23,38.41,17.0,3.0,宁夏银川市金凤区,天然地震
,2025-1-12 04:27:09,121.69,23.77,21.0,4.3,台湾花莲县海域,天然地震
,2025-1-12 02:51:04,83.35,34.33,10.0,3.5,西藏阿里地区改则县,天然地震
,2025-1-12 01:27:26,87.49,28.48,10.0,3.1,西藏日喀则市定日县,天然地震
,2025-1-11 03:33:22,94.26,43.14,10.0,3.6,新疆哈密市伊州区,天然地震
,2025-1-11 01:48:47,79.01,41.33,10.0,4.0,新疆阿克苏地区乌什县,天然地震
,2025-1-10 21:46:17,87.51,28.69,10.0,3.1,西藏日喀则市定日县,天然地震
,2025-1-10 20:32:53,82.02,41.86,21.0,3.0,新疆阿克苏地区拜城县,天然地震
,2025-1-10 20:31:25,111.23,36.16,20.0,4.1,山西临汾市尧都区,天然地震
,2025-1-10 16:14:29,-77.55,5.95,10.0,5.6,哥伦比亚西岸近海,天然地震
,2025-1-10 07:19:04,87.49,28.89,10.0,3.0,西藏日喀则市拉孜县,天然地震
,2025-1-10 06:58:02,87.52,28.38,10.0,3.6,西藏日喀则市定日县,天然地震
,2025-1-10 04:49:50,86.86,33.14,10.0,3.1,西藏那曲市尼玛县,天然地震
,2025-1-10 01:56:17,87.48,28.46,10.0,3.5,西藏日喀则市定日县,天然地震
,2025-1-10 00:31:45,-89.65,13.6,100.0,5.9,萨尔瓦多,天然地震
,2025-1-09 17:18:44,87.46,28.86,10.0,3.0,西藏日喀则市定日县,天然地震
,2025-1-09 15:28:43,87.47,28.45,10.0,3.8,西藏日喀则市定日县,天然地震
,2025-1-09 08:34:19,88.52,32.62,10.0,4.0,西藏那曲市双湖县,天然地震
,2025-1-09 04:49:30,97.56,34.82,10.0,3.4,青海果洛州玛多县,天然地震
,2025-1-09 04:17:16,93.13,32.26,10.0,3.1,西藏那曲市巴青县,天然地震
,2025-1-08 21:05:07,97.55,34.78,10.0,3.2,青海果洛州玛多县,天然地震
,2025-1-08 15:47:33,97.54,34.78,10.0,3.7,青海果洛州玛多县,天然地震
,2025-1-08 15:44:20,97.51,34.79,14.0,5.5,青海果洛州玛多县,天然地震
,2025-1-08 15:08:52,87.52,28.87,10.0,3.0,西藏日喀则市拉孜县,天然地震
,2025-1-08 11:51:20,87.44,28.42,10.0,4.0,西藏日喀则市定日县,天然地震
,2025-1-08 09:43:41,87.46,28.44,10.0,3.7,西藏日喀则市定日县,天然地震
,2025-1-08 09:28:08,87.4,28.39,10.0,3.1,西藏日喀则市定日县,天然地震
,2025-1-08 08:41:19,87.51,28.51,10.0,3.0,西藏日喀则市定日县,天然地震
,2025-1-08 08:08:19,87.46,28.77,10.0,3.1,西藏日喀则市定日县,天然地震
,2025-1-08 03:52:51,87.55,28.82,10.0,3.8,西藏日喀则市拉孜县,天然地震
,2025-1-08 01:36:00,87.47,28.88,10.0,3.0,西藏日喀则市定日县,天然地震
,2025-1-07 23:37:22,87.45,28.4,10.0,3.0,西藏日喀则市定日县,天然地震
,2025-1-07 23:22:32,87.5,28.45,10.0,3.2,西藏日喀则市定日县,天然地震
,2025-1-07 23:06:31,87.49,28.87,10.0,3.3,西藏日喀则市定日县,天然地震
,2025-1-07 22:04:10,87.37,28.67,10.0,3.1,西藏日喀则市定日县,天然地震
,2025-1-07 21:29:34,87.41,28.68,10.0,3.6,西藏日喀则市定日县,天然地震
,2025-1-07 21:07:39,87.55,28.84,10.0,3.1,西藏日喀则市拉孜县,天然地震
,2025-1-07 15:54:08,87.49,28.46,10.0,3.9,西藏日喀则市定日县,天然地震
,2025-1-07 15:36:57,102.03,29.62,10.0,3.1,四川甘孜州泸定县,天然地震
,2025-1-07 15:04:31,87.48,28.64,10.0,3.2,西藏日喀则市定日县,天然地震
,2025-1-07 14:47:43,99.61,28.04,10.0,3.3,云南迪庆州香格里拉市,天然地震
,2025-1-07 13:57:14,87.5,28.78,10.0,3.9,西藏日喀则市定日县,天然地震
,2025-1-07 11:52:42,87.46,28.9,10.0,3.2,西藏日喀则市定日县,天然地震
,2025-1-07 11:45:54,87.36,28.7,10.0,3.5,西藏日喀则市定日县,天然地震
,2025-1-07 11:41:11,87.43,28.91,10.0,3.5,西藏日喀则市定日县,天然地震
,2025-1-07 11:27:31,87.51,28.97,10.0,3.6,西藏日喀则市拉孜县,天然地震
,2025-1-07 11:19:37,87.52,29.01,10.0,3.7,西藏日喀则市拉孜县,天然地震
,2025-1-07 10:34:49,87.44,28.4,10.0,3.9,西藏日喀则市定日县,天然地震
,2025-1-07 10:32:42,87.5,28.64,10.0,3.2,西藏日喀则市定日县,天然地震
,2025-1-07 10:27:40,87.47,28.51,10.0,3.8,西藏日喀则市定日县,天然地震
,2025-1-07 10:22:44,87.47,28.78,10.0,3.0,西藏日喀则市定日县,天然地震
,2025-1-07 10:14:25,87.17,33.62,10.0,4.6,西藏那曲市双湖县,天然地震
,2025-1-07 10:04:08,87.52,28.86,10.0,3.0,西藏日喀则市拉孜县,天然地震
,2025-1-07 10:01:07,87.51,28.85,10.0,3.4,西藏日喀则市拉孜县,天然地震
,2025-1-07 09:59:48,87.49,28.93,10.0,3.9,西藏日喀则市拉孜县,天然地震
,2025-1-07 09:49:21,99.4,28.48,8.0,3.0,四川甘孜州得荣县,天然地震
,2025-1-07 09:43:48,87.63,28.22,10.0,4.1,西藏日喀则市定结县,天然地震
,2025-1-07 09:37:12,87.67,28.36,10.0,4.2,西藏日喀则市定结县,天然地震
,2025-1-07 09:31:57,87.5,28.77,10.0,3.8,西藏日喀则市定日县,天然地震
,2025-1-07 09:24:26,87.37,28.35,10.0,4.4,西藏日喀则市定日县,天然地震
,2025-1-07 09:05:16,87.45,28.5,10.0,6.8,西藏日喀则市定日县,天然地震
,2025-1-07 08:52:51,108.43,28.38,8.0,3.6,贵州铜仁市沿河县,天然地震
,2025-1-07 08:11:46,87.42,28.53,10.0,3.3,西藏日喀则市定日县,天然地震
,2025-1-06 23:26:48,87.05,33.4,10.0,4.6,西藏那曲市尼玛县,天然地震
,2025-1-06 14:13:25,114.2,36.33,13.0,3.0,河北邯郸市磁县,天然地震
,2025-1-06 01:18:48,-89.05,13.0,60.0,6.2,萨尔瓦多附近海域,天然地震
,2025-1-06 00:51:18,92.25,29.82,10.0,3.2,西藏拉萨市墨竹工卡县,天然地震
,2025-1-05 23:37:03,81.58,41.77,18.0,4.1,新疆阿克苏地区拜城县,天然地震
,2025-1-05 07:42:59,77.76,38.95,13.0,3.2,新疆喀什地区麦盖提县,天然地震
,2025-1-04 08:52:20,40.05,9.5,10.0,5.8,埃塞俄比亚,天然地震
,2025-1-04 06:45:57,101.88,29.52,8.0,3.0,四川甘孜州康定市,天然地震
,2025-1-04 01:41:34,83.42,41.05,18.0,3.2,新疆阿克苏地区沙雅县,天然地震
,2025-1-03 04:43:30,-69.15,-21.95,100.0,6.1,智利,天然地震
,2025-1-03 02:27:00,82.43,41.93,10.0,3.2,新疆阿克苏地区拜城县,天然地震
,2025-1-02 22:58:37,82.46,41.92,10.0,3.6,新疆阿克苏地区拜城县,天然地震
,2025-1-02 16:43:31,106.26,38.41,10.0,4.6,宁夏银川市金凤区,天然地震
,2025-1-02 12:40:51,81.27,43.81,20.0,4.2,新疆伊犁州察布查尔县,天然地震
,2025-1-02 11:41:48,104.04,29.56,15.0,3.3,四川乐山市井研县,天然地震
,2025-1-02 10:01:17,106.22,38.4,10.0,4.8,宁夏银川市永宁县,天然地震
,2025-1-01 21:48:26,-26.65,-56.4,70.0,6.2,南桑威奇群岛地区,天然地震
,2024-12-31 16:05:19,75.75,39.99,10.0,3.1,新疆克孜勒苏州乌恰县,天然地震
,2024-12-30 05:52:53,77.49,40.22,15.0,3.5,新疆克孜勒苏州阿图什市,天然地震
,2024-12-30 03:51:37,120.66,23.54,10.0,4.4,台湾嘉义县,天然地震
,2024-12-29 16:58:47,83.43,41.09,15.0,4.3,新疆阿克苏地区库车市,天然地震
,2024-12-29 06:24:02,78.51,41.06,12.0,3.2,新疆克孜勒苏州阿合奇县,天然地震
,2024-12-27 20:47:35,151.8,46.9,180.0,6.8,千岛群岛,天然地震
,2024-12-27 10:34:11,77.71,40.75,23.0,3.0,新疆克孜勒苏州阿合奇县,天然地震
,2024-12-27 07:32:36,83.01,41.89,20.0,3.3,新疆阿克苏地区库车市,天然地震
,2024-12-27 05:02:24,142.05,30.45,30.0,5.8,日本本州东南海域,天然地震
,2024-12-27 00:17:59,104.89,28.36,10.0,3.0,四川宜宾市长宁县,天然地震
,2024-12-26 17:20:54,105.38,29.05,8.0,3.1,四川泸州市龙马潭区,天然地震
,2024-12-26 16:08:50,121.9,23.97,31.0,4.8,台湾花莲县海域,天然地震
,2024-12-26 10:22:52,83.83,41.4,17.0,3.8,新疆阿克苏地区库车市,天然地震
,2024-12-25 10:11:26,106.62,40.04,15.0,3.4,内蒙古阿拉善盟阿拉善左旗,天然地震
,2024-12-25 06:42:23,-67.4,-28.2,120.0,5.9,阿根廷,天然地震
,2024-12-24 22:43:24,106.24,38.42,12.0,3.6,宁夏银川市金凤区,天然地震
,2024-12-24 20:56:06,106.23,38.4,14.0,3.0,宁夏银川市永宁县,天然地震
,2024-12-23 14:00:55,-76.5,19.8,10.0,5.9,古巴南部海域,天然地震
,2024-12-23 06:37:39,94.95,28.82,10.0,3.1,西藏林芝市墨脱县,天然地震
,2024-12-22 11:55:59,-154.15,55.95,10.0,5.5,美国阿拉斯加州以南海域,天然地震
,2024-12-22 11:07:30,82.61,40.74,10.0,3.0,新疆阿克苏地区沙雅县,天然地震
,2024-12-21 23:30:53,167.95,-17.75,50.0,6.1,瓦努阿图群岛,天然地震
,2024-12-21 13:01:58,78.88,34.15,10.0,3.4,西藏阿里地区日土县,天然地震
,2024-12-21 12:49:03,81.18,41.78,10.0,3.0,新疆阿克苏地区拜城县,天然地震
,2024-12-21 07:06:00,103.33,27.1,10.0,3.1,云南昭通市鲁甸县,天然地震
,2024-12-21 02:32:25,92.26,29.83,10.0,3.9,西藏拉萨市墨竹工卡县,天然地震
,2024-12-20 22:35:18,84.08,40.36,18.0,3.0,新疆巴音郭楞州尉犁县,天然地震
,2024-12-19 08:59:37,123.17,49.93,18.0,3.6,内蒙古呼伦贝尔市鄂伦春旗,天然地震
,2024-12-19 00:46:41,100.5,25.96,10.0,3.8,云南大理州宾川县,天然地震
,2024-12-18 18:01:05,78.29,40.08,17.0,3.3,新疆阿克苏地区柯坪县,天然地震
,2024-12-18 01:26:51,93.1,33.61,10.0,3.7,青海玉树州杂多县,天然地震
,2024-12-17 20:32:29,77.14,40.12,35.0,3.8,新疆克孜勒苏州阿图什市,天然地震
,2024-12-17 18:43:34,83.42,41.16,22.0,3.1,新疆阿克苏地区库车市,天然地震
,2024-12-17 16:50:27,83.24,40.78,29.0,3.0,新疆阿克苏地区沙雅县,天然地震
,2024-12-17 12:09:36,130.2,31.2,150.0,5.4,日本九州岛,天然地震
,2024-12-17 09:47:25,167.95,-17.75,30.0,7.2,瓦努阿图群岛,天然地震
,2024-12-16 08:23:26,83.25,41.18,20.0,3.3,新疆阿克苏地区库车市,天然地震
,2024-12-15 23:03:38,-175.1,-18.6,220.0,5.9,汤加群岛,天然地震
,2024-12-15 04:37:25,87.64,34.75,10.0,3.0,西藏那曲市双湖县,天然地震
,2024-12-14 07:38:18,-70.7,-35.3,110.0,6.3,智利中部,天然地震
,2024-12-13 17:09:28,83.31,41.23,21.0,3.1,新疆阿克苏地区库车市,天然地震
,2024-12-13 07:26:52,84.19,40.9,17.0,3.8,新疆巴音郭楞州尉犁县,天然地震
,2024-12-13 07:22:42,84.15,40.91,18.0,4.2,新疆巴音郭楞州尉犁县,天然地震
,2024-12-12 15:38:49,83.47,41.1,19.0,3.9,新疆阿克苏地区库车市,天然地震
,2024-12-12 13:40:23,93.83,32.28,10.0,3.0,西藏那曲市巴青县,天然地震
,2024-12-12 09:51:33,-178.15,-14.95,10.0,5.2,斐济群岛,天然地震
,2024-12-11 23:53:50,78.11,40.1,16.0,3.6,新疆阿克苏地区柯坪县,天然地震
,2024-12-11 02:04:35,-177.1,51.05,10.0,5.8,安德烈亚诺夫群岛,天然地震
,2024-12-10 21:56:47,122.51,24.75,95.0,4.0,台湾宜兰县海域,天然地震
,2024-12-10 14:21:24,89.54,43.78,30.0,3.0,新疆昌吉州奇台县,天然地震
,2024-12-10 07:08:35,-118.85,39.05,10.0,5.7,美国内华达州,天然地震
,2024-12-09 11:26:42,-177.65,51.0,20.0,5.6,安德烈亚诺夫群岛,天然地震
,2024-12-09 09:18:41,97.98,23.6,10.0,3.7,缅甸,天然地震
,2024-12-09 08:38:55,-177.1,50.75,20.0,6.0,安德烈亚诺夫群岛,天然地震
,2024-12-09 08:15:34,-177.15,51.3,30.0,6.3,安德烈亚诺夫群岛,天然地震
,2024-12-09 05:02:54,-177.3,51.05,30.0,5.9,安德烈亚诺夫群岛,天然地震
,2024-12-09 03:57:11,-177.3,51.1,50.0,6.3,安德烈亚诺夫群岛,天然地震
,2024-12-09 02:12:23,81.74,33.65,10.0,3.9,西藏阿里地区日土县,天然地震
,2024-12-08 18:25:01,152.5,48.9,220.0,6.0,千岛群岛,天然地震
,2024-12-08 12:53:29,95.62,37.8,10.0,3.4,青海海西州直辖区,天然地震
,2024-12-08 11:41:49,89.61,35.57,10.0,3.0,西藏那曲市安多县,天然地震
,2024-12-08 06:07:49,94.92,29.35,30.0,4.6,西藏林芝市墨脱县,天然地震
,2024-12-08 02:00:21,92.26,29.84,10.0,3.7,西藏拉萨市墨竹工卡县,天然地震
,2024-12-07 15:48:29,122.16,24.0,7.0,4.3,台湾花莲县海域,天然地震
,2024-12-07 10:36:22,89.33,34.17,10.0,3.5,西藏那曲市安多县,天然地震
,2024-12-06 04:17:15,97.16,39.63,8.0,3.3,甘肃酒泉市肃北县,天然地震
,2024-12-06 02:44:26,-125.0,40.4,10.0,7.0,美国加利福尼亚州北部...,天然地震
,2024-12-05 12:02:42,49.5,31.65,20.0,5.5,伊朗,天然地震
,2024-12-05 11:18:35,83.39,41.18,22.0,3.2,新疆阿克苏地区库车市,天然地震
,2024-12-05 01:46:46,84.12,40.83,18.0,3.4,新疆巴音郭楞州尉犁县,天然地震
,2024-12-04 08:42:08,92.25,29.83,8.0,3.4,西藏拉萨市墨竹工卡县,天然地震
,2024-12-04 01:33:08,101.66,22.32,10.0,4.0,老挝,天然地震
,2024-12-04 00:01:34,83.85,41.39,15.0,3.0,新疆阿克苏地区库车市,天然地震
,2024-12-03 02:41:19,101.67,22.34,10.0,3.3,老挝,天然地震
,2024-12-03 01:57:17,84.0,40.93,16.0,3.3,新疆阿克苏地区库车市,天然地震
,2024-12-02 16:18:48,101.12,29.74,10.0,3.4,四川甘孜州雅江县,天然地震
,2024-12-01 23:56:44,120.9,51.67,10.0,3.0,内蒙古呼伦贝尔市额尔...,天然地震
,2024-11-30 17:32:40,77.53,40.2,21.0,3.8,新疆克孜勒苏州阿图什市,天然地震
,2024-11-30 16:46:15,126.1,25.0,40.0,5.7,琉球群岛西南部,天然地震
,2024-11-29 05:00:04,104.04,27.53,10.0,3.0,云南昭通市彝良县,天然地震
,2024-11-28 05:58:44,120.95,15.45,170.0,5.9,菲律宾,天然地震
,2024-11-28 04:31:41,77.63,40.46,10.0,4.6,新疆克孜勒苏州阿图什市,天然地震
,2024-11-27 23:32:22,121.75,23.95,10.0,4.3,台湾花莲县海域,天然地震
,2024-11-27 03:09:32,89.57,43.54,15.0,3.1,新疆昌吉州奇台县,天然地震
,2024-11-26 21:47:11,136.4,37.0,60.0,6.3,日本本州西岸近海,天然地震
,2024-11-25 16:39:04,75.89,37.61,114.0,3.9,新疆喀什地区塔什库尔干县,天然地震
,2024-11-25 13:00:29,92.25,29.82,10.0,3.1,西藏拉萨市墨竹工卡县,天然地震
,2024-11-25 07:20:11,105.13,29.25,8.0,3.0,四川自贡市富顺县,天然地震
